-- --------------------------------------------------------
-- 主机:                           192.168.10.3
-- 服务器版本:                        8.0.26 - MySQL Community Server - GPL
-- 服务器操作系统:                      Linux
-- HeidiSQL 版本:                  12.0.0.6507
-- --------------------------------------------------------

/*!40101 SET @OLD_CHARACTER_SET_CLIENT=@@CHARACTER_SET_CLIENT */;
/*!40101 SET NAMES utf8 */;
/*!50503 SET NAMES utf8mb4 */;
/*!40103 SET @OLD_TIME_ZONE=@@TIME_ZONE */;
/*!40103 SET TIME_ZONE='+00:00' */;
/*!40014 SET @OLD_FOREIGN_KEY_CHECKS=@@FOREIGN_KEY_CHECKS, FOREIGN_KEY_CHECKS=0 */;
/*!40101 SET @OLD_SQL_MODE=@@SQL_MODE, SQL_MODE='NO_AUTO_VALUE_ON_ZERO' */;
/*!40111 SET @OLD_SQL_NOTES=@@SQL_NOTES, SQL_NOTES=0 */;


-- 导出 hq_mana 的数据库结构
DROP DATABASE IF EXISTS `hq_mana`;
CREATE DATABASE IF NOT EXISTS `hq_mana` /*!40100 DEFAULT CHARACTER SET utf8 */ /*!80016 DEFAULT ENCRYPTION='N' */;
USE `hq_mana`;

-- 导出  表 hq_mana.Constructors 结构
DROP TABLE IF EXISTS `Constructors`;
CREATE TABLE IF NOT EXISTS `Constructors` (
  `id` int NOT NULL AUTO_INCREMENT,
  `Name` varchar(50) NOT NULL DEFAULT '' COMMENT '施工单位',
  `Manager` varchar(50) NOT NULL DEFAULT '' COMMENT '负责人',
  `Contact` varchar(50) NOT NULL DEFAULT '' COMMENT '联系方式',
  PRIMARY KEY (`id`)
) ENGINE=InnoDB AUTO_INCREMENT=22 DEFAULT CHARSET=utf8mb3 COMMENT='施工单位';

-- 正在导出表  hq_mana.Constructors 的数据：~21 rows (大约)
REPLACE INTO `Constructors` (`id`, `Name`, `Manager`, `Contact`) VALUES
	(1, '辽宁恒禹电力工程有限公司', '闵春雨', '13841228888'),
	(2, '海城市第四建筑工程有限公司', '黄金', '752961'),
	(3, '辽宁楷航建筑工程有限公司', '邓辉', '13674252132'),
	(4, '辽宁创想建筑工程有限公司', '梁弟', '13889844000'),
	(5, '辽宁柱石生态环境建设有限公司', '庞柱石', '18341200000'),
	(6, '辽宁鑫宇电力建设有限公司', '苏宇', '18340912222'),
	(7, '辽宁卓宇建筑工程有限公司', '田英力', '13804913979'),
	(8, '辽宁天石环保建设有限公司', '黄金', '752961'),
	(9, '辽宁农发建设工程有限公司', '翟铁', '13841226111'),
	(10, '沈阳金晨建筑设计有限公司', '刘洋', '13840210170'),
	(11, '辽宁中厦建设工程有限公司', '张富刚', '732735'),
	(12, '鞍山市皓源装饰装修有限公司', '郭中瑞', '13188006544'),
	(13, '鞍山市正和建筑装璜工程有限公司', '刚东', '13654223399'),
	(14, '沈阳德胜消防工程有限公司', '王菲', '18741265555'),
	(15, '鞍山鑫鸿电梯有限公司', '常虹', '18641258333'),
	(16, '立山区喜洋洋搬家服务中心', '代丽娥', '13050031068'),
	(17, '岫岩满族自治县华宇建筑有限公司', '罗延群', '13842253075'),
	(18, '辽宁钛达电力建设有限公司', '纪海龙', '13941295881'),
	(19, '海城市东马建筑工程有限公司', '郭士佩', '13504124565'),
	(20, '辽宁瀚达建设工程有限公司', '王海', '13941239100'),
	(21, '禹王（北京）科技工程有限公司', '戚战伟', '');

-- 导出  表 hq_mana.Limits 结构
DROP TABLE IF EXISTS `Limits`;
CREATE TABLE IF NOT EXISTS `Limits` (
  `id` int NOT NULL AUTO_INCREMENT,
  `Users_id` int NOT NULL DEFAULT '0' COMMENT '用户编号',
  `Types_id` int NOT NULL DEFAULT '0' COMMENT '类型编号',
  PRIMARY KEY (`id`)
) ENGINE=InnoDB AUTO_INCREMENT=27 DEFAULT CHARSET=utf8mb3 COMMENT='权限';

-- 正在导出表  hq_mana.Limits 的数据：~11 rows (大约)
REPLACE INTO `Limits` (`id`, `Users_id`, `Types_id`) VALUES
	(16, 3, 1),
	(17, 3, 6),
	(18, 1, 1),
	(19, 1, 2),
	(20, 1, 3),
	(21, 1, 4),
	(22, 1, 5),
	(23, 1, 6),
	(24, 2, 1),
	(25, 2, 2),
	(26, 2, 4);

-- 导出  表 hq_mana.Logs 结构
DROP TABLE IF EXISTS `Logs`;
CREATE TABLE IF NOT EXISTS `Logs` (
  `id` int NOT NULL AUTO_INCREMENT,
  `Users_id` int NOT NULL DEFAULT '0' COMMENT '用户编号',
  `Type` varchar(50) NOT NULL DEFAULT '' COMMENT '操作类型',
  `Detail` varchar(200) CHARACTER SET utf8 COLLATE utf8_general_ci NOT NULL DEFAULT '' COMMENT '详情',
  `DateTime` datetime NOT NULL DEFAULT CURRENT_TIMESTAMP COMMENT '操作时间',
  PRIMARY KEY (`id`)
) ENGINE=InnoDB AUTO_INCREMENT=259 DEFAULT CHARSET=utf8mb3 COMMENT='操作日志';

-- 正在导出表  hq_mana.Logs 的数据：~5 rows (大约)
REPLACE INTO `Logs` (`id`, `Users_id`, `Type`, `Detail`, `DateTime`) VALUES
	(254, 0, '导入', '【导入工程信息】导入工程数据【92】条', '2022-05-12 07:19:27'),
	(255, 0, '导入', '【导入工程信息】导入工程数据【92】条', '2022-05-12 07:45:14'),
	(256, 0, '导入', '【导入信息】导入成功房产数据【0】条，导入失败房产数据【1】条，导入成功工程数据【0】条，导入失败工程数据【1】条，导入成功分包数据【0】条，导入失败分包数据【1】条。', '2022-05-13 06:15:18'),
	(257, 0, '导入', '【导入信息】导入成功房产数据【0】条，导入失败房产数据【1】条，导入成功工程数据【0】条，导入失败工程数据【1】条，导入成功分包数据【0】条，导入失败分包数据【1】条。', '2022-05-13 06:17:31'),
	(258, 0, '导入', '【导入信息】导入成功房产数据【0】条，导入失败房产数据【93】条，导入成功工程数据【0】条，导入失败工程数据【93】条，导入成功分包数据【0】条，导入失败分包数据【93】条。', '2022-05-13 06:20:14');

-- 导出  表 hq_mana.Models 结构
DROP TABLE IF EXISTS `Models`;
CREATE TABLE IF NOT EXISTS `Models` (
  `id` int NOT NULL AUTO_INCREMENT,
  `Name` varchar(50) NOT NULL DEFAULT '',
  `Types` varchar(50) NOT NULL DEFAULT '',
  `Columns` varchar(50) CHARACTER SET utf8 COLLATE utf8_general_ci NOT NULL DEFAULT '',
  PRIMARY KEY (`id`)
) ENGINE=InnoDB DEFAULT CHARSET=utf8mb3 COMMENT='模版';

-- 正在导出表  hq_mana.Models 的数据：~0 rows (大约)

-- 导出  表 hq_mana.Partitions 结构
DROP TABLE IF EXISTS `Partitions`;
CREATE TABLE IF NOT EXISTS `Partitions` (
  `id` int NOT NULL AUTO_INCREMENT,
  `Projects_id` int NOT NULL DEFAULT '0' COMMENT '项目编码',
  `Constructors_id` int NOT NULL DEFAULT '0' COMMENT '施工单位编码',
  `Amount` decimal(20,6) NOT NULL DEFAULT '0.000000' COMMENT '分包金额',
  `Amount_Pay` decimal(20,6) NOT NULL DEFAULT '0.000000' COMMENT '付款金额',
  `Amount_Arrear` decimal(20,6) NOT NULL DEFAULT '0.000000' COMMENT '欠款金额',
  `Management` decimal(20,6) NOT NULL DEFAULT '0.000000' COMMENT '管理费',
  `Account` varchar(5) CHARACTER SET utf8 COLLATE utf8_general_ci NOT NULL DEFAULT '' COMMENT '是否挂账',
  `Users_id` int NOT NULL DEFAULT '0' COMMENT '用户编号',
  `DateTime` datetime NOT NULL DEFAULT CURRENT_TIMESTAMP COMMENT '操作时间',
  PRIMARY KEY (`id`)
) ENGINE=InnoDB AUTO_INCREMENT=1189 DEFAULT CHARSET=utf8mb3 COMMENT='分包信息';

-- 正在导出表  hq_mana.Partitions 的数据：~92 rows (大约)
REPLACE INTO `Partitions` (`id`, `Projects_id`, `Constructors_id`, `Amount`, `Amount_Pay`, `Amount_Arrear`, `Management`, `Account`, `Users_id`, `DateTime`) VALUES
	(1097, 1, 1, 0.000000, 0.000000, 0.000000, 0.000000, '否', 0, '2022-05-12 07:19:20'),
	(1098, 2, 0, 0.000000, 0.000000, 0.000000, 0.000000, '', 0, '2022-05-12 07:19:21'),
	(1099, 3, 2, 0.000000, 0.000000, 0.000000, 0.000000, '否', 0, '2022-05-12 07:19:21'),
	(1100, 4, 2, 0.000000, 0.000000, 0.000000, 0.000000, '否', 0, '2022-05-12 07:19:21'),
	(1101, 5, 3, 0.000000, 0.000000, 0.000000, 0.000000, '否', 0, '2022-05-12 07:19:21'),
	(1102, 6, 3, 0.000000, 0.000000, 0.000000, 0.000000, '否', 0, '2022-05-12 07:19:21'),
	(1103, 7, 4, 0.000000, 0.000000, 0.000000, 0.000000, '是', 0, '2022-05-12 07:19:21'),
	(1104, 8, 4, 0.000000, 0.000000, 0.000000, 0.000000, '是', 0, '2022-05-12 07:19:21'),
	(1105, 9, 5, 0.000000, 0.000000, 0.000000, 0.000000, '否', 0, '2022-05-12 07:19:21'),
	(1106, 10, 5, 0.000000, 0.000000, 0.000000, 0.000000, '否', 0, '2022-05-12 07:19:21'),
	(1107, 11, 2, 0.000000, 0.000000, 0.000000, 0.000000, '否', 0, '2022-05-12 07:19:21'),
	(1108, 12, 0, 0.000000, 0.000000, 0.000000, 0.000000, '是', 0, '2022-05-12 07:19:21'),
	(1109, 13, 4, 0.000000, 0.000000, 0.000000, 0.000000, '是', 0, '2022-05-12 07:19:21'),
	(1110, 14, 4, 0.000000, 0.000000, 0.000000, 0.000000, '是', 0, '2022-05-12 07:19:21'),
	(1111, 15, 4, 0.000000, 0.000000, 0.000000, 0.000000, '是', 0, '2022-05-12 07:19:22'),
	(1112, 16, 4, 0.000000, 0.000000, 0.000000, 0.000000, '是', 0, '2022-05-12 07:19:22'),
	(1113, 17, 6, 0.000000, 0.000000, 0.000000, 0.000000, '是', 0, '2022-05-12 07:19:22'),
	(1114, 18, 7, 0.000000, 0.000000, 0.000000, 0.000000, '否', 0, '2022-05-12 07:19:22'),
	(1115, 19, 7, 0.000000, 0.000000, 0.000000, 0.000000, '否', 0, '2022-05-12 07:19:22'),
	(1116, 20, 7, 0.000000, 0.000000, 0.000000, 0.000000, '否', 0, '2022-05-12 07:19:22'),
	(1117, 21, 7, 0.000000, 0.000000, 0.000000, 0.000000, '否', 0, '2022-05-12 07:19:22'),
	(1118, 22, 6, 0.000000, 0.000000, 0.000000, 0.000000, '是', 0, '2022-05-12 07:19:22'),
	(1119, 23, 6, 0.000000, 0.000000, 0.000000, 0.000000, '是', 0, '2022-05-12 07:19:22'),
	(1120, 24, 8, 0.000000, 0.000000, 0.000000, 0.000000, '否', 0, '2022-05-12 07:19:22'),
	(1121, 25, 8, 0.000000, 0.000000, 0.000000, 0.000000, '否', 0, '2022-05-12 07:19:22'),
	(1122, 26, 8, 0.000000, 0.000000, 0.000000, 0.000000, '否', 0, '2022-05-12 07:19:22'),
	(1123, 27, 9, 0.000000, 0.000000, 0.000000, 0.000000, '否', 0, '2022-05-12 07:19:23'),
	(1124, 28, 10, 0.000000, 0.000000, 0.000000, 0.000000, '否', 0, '2022-05-12 07:19:23'),
	(1125, 29, 3, 0.000000, 0.000000, 0.000000, 0.000000, '否', 0, '2022-05-12 07:19:23'),
	(1126, 30, 11, 0.000000, 0.000000, 0.000000, 0.000000, '否', 0, '2022-05-12 07:19:23'),
	(1127, 31, 8, 0.000000, 0.000000, 0.000000, 0.000000, '否', 0, '2022-05-12 07:19:23'),
	(1128, 32, 3, 0.000000, 0.000000, 0.000000, 0.000000, '否', 0, '2022-05-12 07:19:23'),
	(1129, 33, 2, 0.000000, 0.000000, 0.000000, 0.000000, '否', 0, '2022-05-12 07:19:23'),
	(1130, 34, 2, 0.000000, 0.000000, 0.000000, 0.000000, '否', 0, '2022-05-12 07:19:23'),
	(1131, 35, 2, 0.000000, 0.000000, 0.000000, 0.000000, '否', 0, '2022-05-12 07:19:23'),
	(1132, 36, 2, 0.000000, 0.000000, 0.000000, 0.000000, '否', 0, '2022-05-12 07:19:23'),
	(1133, 37, 3, 0.000000, 0.000000, 0.000000, 0.000000, '否', 0, '2022-05-12 07:19:23'),
	(1134, 38, 12, 0.000000, 0.000000, 0.000000, 0.000000, '否', 0, '2022-05-12 07:19:23'),
	(1135, 39, 8, 0.000000, 0.000000, 0.000000, 0.000000, '否', 0, '2022-05-12 07:19:23'),
	(1136, 40, 8, 0.000000, 0.000000, 0.000000, 0.000000, '否', 0, '2022-05-12 07:19:23'),
	(1137, 41, 1, 0.000000, 0.000000, 0.000000, 0.000000, '否', 0, '2022-05-12 07:19:23'),
	(1138, 42, 3, 0.000000, 0.000000, 0.000000, 0.000000, '否', 0, '2022-05-12 07:19:23'),
	(1139, 43, 5, 0.000000, 0.000000, 0.000000, 0.000000, '否', 0, '2022-05-12 07:19:24'),
	(1140, 44, 8, 0.000000, 0.000000, 0.000000, 0.000000, '否', 0, '2022-05-12 07:19:24'),
	(1141, 45, 8, 0.000000, 0.000000, 0.000000, 0.000000, '否', 0, '2022-05-12 07:19:24'),
	(1142, 46, 8, 0.000000, 0.000000, 0.000000, 0.000000, '否', 0, '2022-05-12 07:19:24'),
	(1143, 47, 8, 0.000000, 0.000000, 0.000000, 0.000000, '否', 0, '2022-05-12 07:19:24'),
	(1144, 48, 8, 0.000000, 0.000000, 0.000000, 0.000000, '否', 0, '2022-05-12 07:19:24'),
	(1145, 49, 8, 0.000000, 0.000000, 0.000000, 0.000000, '否', 0, '2022-05-12 07:19:24'),
	(1146, 50, 13, 0.000000, 0.000000, 0.000000, 0.000000, '否', 0, '2022-05-12 07:19:24'),
	(1147, 51, 13, 0.000000, 0.000000, 0.000000, 0.000000, '否', 0, '2022-05-12 07:19:24'),
	(1148, 52, 13, 0.000000, 0.000000, 0.000000, 0.000000, '否', 0, '2022-05-12 07:19:24'),
	(1149, 53, 3, 0.000000, 0.000000, 0.000000, 0.000000, '否', 0, '2022-05-12 07:19:24'),
	(1150, 54, 3, 0.000000, 0.000000, 0.000000, 0.000000, '否', 0, '2022-05-12 07:19:24'),
	(1151, 55, 3, 0.000000, 0.000000, 0.000000, 0.000000, '否', 0, '2022-05-12 07:19:24'),
	(1152, 56, 3, 0.000000, 0.000000, 0.000000, 0.000000, '否', 0, '2022-05-12 07:19:24'),
	(1153, 57, 3, 0.000000, 0.000000, 0.000000, 0.000000, '是', 0, '2022-05-12 07:19:24'),
	(1154, 58, 3, 0.000000, 0.000000, 0.000000, 0.000000, '否', 0, '2022-05-12 07:19:25'),
	(1155, 59, 3, 0.000000, 0.000000, 0.000000, 0.000000, '否', 0, '2022-05-12 07:19:25'),
	(1156, 60, 3, 0.000000, 0.000000, 0.000000, 0.000000, '否', 0, '2022-05-12 07:19:25'),
	(1157, 61, 7, 0.000000, 0.000000, 0.000000, 0.000000, '否', 0, '2022-05-12 07:19:25'),
	(1158, 62, 8, 0.000000, 0.000000, 0.000000, 0.000000, '否', 0, '2022-05-12 07:19:25'),
	(1159, 63, 14, 0.000000, 0.000000, 0.000000, 0.000000, '否', 0, '2022-05-12 07:19:25'),
	(1160, 64, 14, 0.000000, 0.000000, 0.000000, 0.000000, '否', 0, '2022-05-12 07:19:25'),
	(1161, 65, 15, 0.000000, 0.000000, 0.000000, 0.000000, '是', 0, '2022-05-12 07:19:25'),
	(1162, 66, 15, 0.000000, 0.000000, 0.000000, 0.000000, '是', 0, '2022-05-12 07:19:25'),
	(1163, 67, 13, 0.000000, 0.000000, 0.000000, 0.000000, '否', 0, '2022-05-12 07:19:25'),
	(1164, 68, 13, 0.000000, 0.000000, 0.000000, 0.000000, '否', 0, '2022-05-12 07:19:25'),
	(1165, 69, 13, 0.000000, 0.000000, 0.000000, 0.000000, '否', 0, '2022-05-12 07:19:25'),
	(1166, 70, 8, 0.000000, 0.000000, 0.000000, 0.000000, '是', 0, '2022-05-12 07:19:25'),
	(1167, 71, 9, 0.000000, 0.000000, 0.000000, 0.000000, '是', 0, '2022-05-12 07:19:25'),
	(1168, 72, 5, 0.000000, 0.000000, 0.000000, 0.000000, '否', 0, '2022-05-12 07:19:25'),
	(1169, 73, 5, 0.000000, 0.000000, 0.000000, 0.000000, '否', 0, '2022-05-12 07:19:25'),
	(1170, 74, 5, 0.000000, 0.000000, 0.000000, 0.000000, '否', 0, '2022-05-12 07:19:25'),
	(1171, 75, 9, 0.000000, 0.000000, 0.000000, 0.000000, '是', 0, '2022-05-12 07:19:26'),
	(1172, 76, 9, 0.000000, 0.000000, 0.000000, 0.000000, '是', 0, '2022-05-12 07:19:26'),
	(1173, 77, 16, 0.000000, 0.000000, 0.000000, 0.000000, '是', 0, '2022-05-12 07:19:26'),
	(1174, 78, 9, 0.000000, 0.000000, 0.000000, 0.000000, '否', 0, '2022-05-12 07:19:26'),
	(1175, 79, 9, 0.000000, 0.000000, 0.000000, 0.000000, '否', 0, '2022-05-12 07:19:26'),
	(1176, 80, 8, 0.000000, 0.000000, 0.000000, 0.000000, '', 0, '2022-05-12 07:19:26'),
	(1177, 81, 17, 0.000000, 0.000000, 0.000000, 0.000000, '否', 0, '2022-05-12 07:19:26'),
	(1178, 82, 18, 0.000000, 0.000000, 0.000000, 0.000000, '否', 0, '2022-05-12 07:19:26'),
	(1179, 83, 19, 0.000000, 0.000000, 0.000000, 0.000000, '否', 0, '2022-05-12 07:19:26'),
	(1180, 84, 20, 0.000000, 0.000000, 0.000000, 0.000000, '否', 0, '2022-05-12 07:19:26'),
	(1181, 85, 8, 0.000000, 0.000000, 0.000000, 0.000000, '否', 0, '2022-05-12 07:19:26'),
	(1182, 86, 17, 0.000000, 0.000000, 0.000000, 0.000000, '否', 0, '2022-05-12 07:19:26'),
	(1183, 87, 19, 0.000000, 0.000000, 0.000000, 0.000000, '否', 0, '2022-05-12 07:19:26'),
	(1184, 88, 8, 0.000000, 0.000000, 0.000000, 0.000000, '否', 0, '2022-05-12 07:19:27'),
	(1185, 89, 17, 0.000000, 0.000000, 0.000000, 0.000000, '否', 0, '2022-05-12 07:19:27'),
	(1186, 90, 9, 0.000000, 0.000000, 0.000000, 0.000000, '否', 0, '2022-05-12 07:19:27'),
	(1187, 91, 21, 0.000000, 0.000000, 0.000000, 0.000000, '', 0, '2022-05-12 07:19:27'),
	(1188, 92, 0, 0.000000, 0.000000, 0.000000, 0.000000, '', 0, '2022-05-12 07:19:27');

-- 导出  表 hq_mana.Premises 结构
DROP TABLE IF EXISTS `Premises`;
CREATE TABLE IF NOT EXISTS `Premises` (
  `id` int NOT NULL AUTO_INCREMENT,
  `Name` varchar(50) NOT NULL DEFAULT '' COMMENT '房产名称',
  `Code` varchar(50) NOT NULL DEFAULT '' COMMENT '房产编号',
  `Address` varchar(50) NOT NULL DEFAULT '' COMMENT '房产地址',
  `Date` varchar(50) NOT NULL DEFAULT '' COMMENT '建筑年代',
  `Levels` varchar(50) NOT NULL DEFAULT '' COMMENT '建筑层数',
  `Structure` varchar(50) NOT NULL DEFAULT '' COMMENT '建筑结构',
  `Dimension` decimal(20,4) NOT NULL DEFAULT '0.0000' COMMENT '建筑面积',
  `Purpose` varchar(50) CHARACTER SET utf8 COLLATE utf8_general_ci NOT NULL DEFAULT '' COMMENT '建筑用途',
  `Assets_Amount` decimal(20,6) NOT NULL DEFAULT '0.000000' COMMENT '资产原值',
  `Assets_Code` varchar(50) NOT NULL DEFAULT '' COMMENT '资产编码',
  `Device_Code` varchar(50) NOT NULL DEFAULT '' COMMENT '设备编码',
  `Region` varchar(50) NOT NULL DEFAULT '' COMMENT '地区',
  `Users_id` int NOT NULL DEFAULT '0' COMMENT '用户编号',
  `DateTime` datetime NOT NULL DEFAULT CURRENT_TIMESTAMP COMMENT '操作时间',
  PRIMARY KEY (`id`)
) ENGINE=InnoDB AUTO_INCREMENT=60 DEFAULT CHARSET=utf8mb3 COMMENT='房产资源';

-- 正在导出表  hq_mana.Premises 的数据：~59 rows (大约)
REPLACE INTO `Premises` (`id`, `Name`, `Code`, `Address`, `Date`, `Levels`, `Structure`, `Dimension`, `Purpose`, `Assets_Amount`, `Assets_Code`, `Device_Code`, `Region`, `Users_id`, `DateTime`) VALUES
	(1, '变电运检二工区办公楼', '0800032807', '', '1999', '4层', '钢混', 12714.0000, '办公楼', 2851939.910000, '270100000039', '022100000000016342', '铁东区', 0, '2022-05-12 07:19:20'),
	(2, '国网鞍山调度中心大楼', '0800032561', '', '1996', '25层', '钢混', 22105.6800, '办公楼', 105008008.860000, '270100000218', '022100000000016305', '铁东区', 0, '2022-05-12 07:19:20'),
	(3, '变电运检三工区办公楼', '', '', '1987年', '5层', '砖混', 2394.0000, '办公楼', 1778063.120000, '270100000592', '022200000000018172', '海城市', 0, '2022-05-12 07:19:21'),
	(4, '原国网海城农电局计量所办公楼', '', '', '1972年', '3层', '砖混', 1076.4000, '办公楼', 2182551.080000, '270100000591', '022200000000018170', '海城市', 0, '2022-05-12 07:19:21'),
	(5, '国网台安供电公司办公楼', '0800036380', '', '2006年', '5层', '钢混', 5882.0000, '办公楼', 6835454.990000, '270100000180', '022100000000016345', '台安县', 0, '2022-05-12 07:19:21'),
	(6, '国网鞍山物资供应分中心办公楼', '0800032368', '', '1995', '3层', '砖混', 1641.0000, '办公楼', 1530766.770000, '270100000230', '022100000000016327', '铁东区', 0, '2022-05-12 07:19:21'),
	(7, '国网鞍山信息通信分公司通讯班办公楼', '', '', '1999', '1层', '砖混', 327.3600, '办公楼', 239878.120000, '270100000099', '', '铁东区', 0, '2022-05-12 07:19:21'),
	(8, '国网鞍山汤岗子供电营业厅', '13220016JSO7', '', '1995', '3层', '砖混', 117.0000, '营业厅', 772528.340000, '270100000195', '022100000000016228', '千山区', 0, '2022-05-12 07:19:21'),
	(9, '国网鞍山绿化街办公楼', '0800032356', '', '1988', '3层', '砖混', 1113.8000, '办公楼', 2178031.440000, '270300000022', '022100000000016462', '铁东区', 0, '2022-05-12 07:19:21'),
	(10, '国网鞍山输电运检室办公楼', '1222AS17D59Y', '', '2003', '3层', '钢混', 3100.0000, '办公楼', 4253060.000000, '270300000029', '022100000000016472', '铁西区', 0, '2022-05-12 07:19:21'),
	(11, '国网台安变电工区办公楼1', '0800036925', '', '1998', '6层', '砖混', 1600.0000, '办公楼', 4295600.000000, '270100000221', '022100000000016352', '台安县', 0, '2022-05-12 07:19:21'),
	(12, '国网海城腾鳌开发区供电所办公楼、营业厅', '1322AS16GP4W', '', '1999年', '9层', '钢混', 6442.0000, '乡镇供电所', 589897.000000, '270100000249', '022100000000016366', '海城市', 0, '2022-05-12 07:19:21'),
	(13, '国网岫岩原农电局办公楼', '0800028331', '', '1993年', '5层', '砖混', 2049.3500, '办公楼', 31892551.300000, '270100000733', '022200000000018536', '岫岩县', 0, '2022-05-12 07:19:21'),
	(14, '国网岫岩供电分公司办公楼', '0800028270', '', '2010', '9层', '钢混', 6560.0000, '办公楼', 3014517.090000, '270300000041', '022100000000342151', '岫岩县', 0, '2022-05-12 07:19:21'),
	(15, '国网海城铁东配电抢修办公室', '1722AS1712W3', '', '1995年', '1层', '砖混', 270.0000, '办公楼', 783676.000000, '270100000021', '022100000000020581', '海城市', 0, '2022-05-12 07:19:22'),
	(16, '国网海城牌楼供电所办公楼、营业厅', '1322AS167X78', '', '2005年', '3层', '钢混', 806.2500, '乡镇供电所', 192081.200000, '270100000472', '022200000000017861', '海城市', 0, '2022-05-12 07:19:22'),
	(17, '国网台安富家供电所', '1322AS202Q62', '', '2013', '3层', '砖混', 825.4000, '乡镇供电所', 2879948.000000, '270100000797', '022100000000285756', '台安县', 0, '2022-05-12 07:19:22'),
	(18, '国网岫岩大营子供电所办公楼', '132200164W56', '', '2004年', '2层', '砖混', 405.4000, '乡镇供电所', 314060.200000, '270100000716', '022200000000018545', '岫岩县', 0, '2022-05-12 07:19:22'),
	(19, '国网岫岩哨子河供电所办公楼', '132200164V36', '', '2002年', '2层', '砖混', 251.1000, '乡镇供电所', 302722.470000, '270100000710', '022200000000018585', '岫岩县', 0, '2022-05-12 07:19:22'),
	(20, '国网岫岩杨家堡供电所办公楼', '13220016C704', '', '2008年', '2层', '砖混', 331.0000, '乡镇供电所', 641692.810000, '270100000728', '022200000000018613', '岫岩县', 0, '2022-05-12 07:19:22'),
	(21, '国网岫岩哈达碑供电所办公楼', '1322001686M4', '', '2013年', '3层', '砖混', 275.6000, '乡镇供电所', 2261713.600000, '270100000796', '022100000000284215', '岫岩县', 0, '2022-05-12 07:19:22'),
	(22, '国网台安高力房供电所', '132200161O44', '', '2013', '3层', '砖混', 508.4400, '乡镇供电所', 57900.000000, '270100000654', '022200000000018298', '台安县', 0, '2022-05-12 07:19:22'),
	(23, '国网台安桑林子供电所', '0800036901', '', '2011', '3层', '砖混', 745.5600, '乡镇供电所', 106506.050000, '270100001010', '022100000000526928', '台安县', 0, '2022-05-12 07:19:22'),
	(24, '国网鞍山共和供电营业厅', '1322AS16SDJA', '', '2002', '2层', '砖混', 190.7100, '营业厅', 523887.550000, '270100000317', '022100000000016233', '铁西区', 0, '2022-05-12 07:19:22'),
	(25, '国网鞍山铁西供电公司办公楼', '0800032287', '', '1995', '6层', '钢混', 1325.0000, '办公楼', 947194.000000, '270100000201', '022100000000016241', '铁西区', 0, '2022-05-12 07:19:22'),
	(26, '国网鞍山生产指挥中心办公楼', '2722915461', '', '2013', '9层', '钢混', 8194.1900, '办公楼', 38772346.000000, '270100000826', '022100000000326368', '铁东区', 0, '2022-05-12 07:19:22'),
	(27, '国网鞍山立山供电公司办公楼', '0800032284', '', '1994', '5层', '砖混', 3399.0000, '办公楼', 3583940.530000, '270100000224', '022100000000016320', '立山区', 0, '2022-05-12 07:19:22'),
	(28, '国网台安置换楼', '1122AS17I8R1', '', '2013', '5层', '砖混', 5534.9500, '办公楼', 16532340.000000, '270100000988', '022100000000470482', '台安县', 0, '2022-05-12 07:19:23'),
	(29, '国网鞍山供电公司铁东综合楼', '0800032576', '', '2006', '5层', '钢混', 5410.5100, '办公楼', 14160178.670000, '270300000013', '022100000000016463', '铁东区', 0, '2022-05-12 07:19:23'),
	(30, '国网海城铁东办公楼', '0800029874', '', '1993年', '9层', '钢混', 5556.8900, '办公楼', 16067927.500000, '270100000202', '022100000000016243', '海城市', 0, '2022-05-12 07:19:23'),
	(31, '国网鞍山铁东公司办公楼', '', '', '2006', '6层', '钢混', 7737.4000, '办公楼', 17457527.150000, '270100000245', '022100000000016341', '铁东区', 0, '2022-05-12 07:19:23'),
	(32, '国网鞍山园林供电营业所', '1322AS17A4EC', '', '1994', '1层', '钢混', 280.0000, '营业厅', 964029.790000, '270100000192', '022100000000016225', '铁东区', 0, '2022-05-12 07:19:23'),
	(33, '国网鞍山东山供电营业所', '1322AS166032', '', '2007', '2层', '钢混', 390.0000, '营业厅', 2396538.780000, '270100000191', '022100000000016224', '铁东区', 0, '2022-05-12 07:19:24'),
	(34, '国网鞍山旧堡供电营业厅', '1322AS16741Y', '', '1994', '4层', '钢混', 1053.5000, '营业厅', 6593234.410000, '270100001034', '', '铁西区', 0, '2022-05-12 07:19:24'),
	(35, '国网鞍山汪家峪66KV变电站', '', '', '', '', '', 497.0000, '变电站', 854000.000000, '270100000260', '022100000000016202', '立山区', 0, '2022-05-12 07:19:24'),
	(36, '国网鞍山魏家屯220KV变电站主控楼', '', '', '', '', '', 500.0000, '变电站', 670733.590000, '270100001026', '022100000000540896', '立山区', 0, '2022-05-12 07:19:24'),
	(37, '国网鞍山职工活动中心', '', '', '2003', '1层', '钢混', 346.0000, '其他', 600100.000000, '270300000031', '022100000000016474', '铁西区', 0, '2022-05-12 07:19:24'),
	(38, '国网鞍山检修公司综合楼', '1222AS17837L', '', '2003', '4层', '钢混', 8249.0000, '办公楼', 43340027.430000, '270300000015', '022100000000016471', '铁西区', 0, '2022-05-12 07:19:24'),
	(39, '国网鞍山辽宁鞍山供电公司达道湾物资周转库-库房', '0997800402', '', '2018', '1层', '钢结构', 1560.0900, '仓库', 1864889.600000, '270100000981', '022100000000498806', '铁西区', 0, '2022-05-12 07:19:24'),
	(40, '国网岫岩偏岭供电所办公楼', '13220016XYN6', '', '1992年', '2层', '砖混', 491.3000, '乡镇供电所', 1639196.750000, '270100000800', '022100000000308351', '岫岩县', 0, '2022-05-12 07:19:24'),
	(41, '国网鞍山农服公司办公楼', '1722AS17JTU4', '', '2005', '3层', '砖混', 564.3500, '办公楼', 1551828.000000, '270100000217', '022100000000016304', '立山区', 0, '2022-05-12 07:19:25'),
	(42, '国网鞍山电力实业有限公司千山培训部主楼', '', '', '1996', '2层', '砖混', 7150.1000, '办公楼', 32852460.530000, '270100000793', '022100000000279589', '千山区', 0, '2022-05-12 07:19:25'),
	(43, '国网鞍山红旗堡220KV变电站', '', '', '', '3层', '砖混', 3066.0000, '变电站', 9279153.800000, '270100000209', '022100000000016282', '铁西区', 0, '2022-05-12 07:19:25'),
	(44, '国网鞍山灵山供电营业厅', '', '', '1994', '2层', '砖混', 601.2000, '营业厅', 1178252.420000, '270100000227', '022100000000016324', '立山区', 0, '2022-05-12 07:19:25'),
	(45, '国网鞍山永昌供电营业所', '1322AS16XN46', '', '2002', '1层', '钢混', 284.0000, '营业厅', 2287265.260000, '270100000190', '022100000000016223', '铁东区', 0, '2022-05-12 07:19:25'),
	(46, '国网鞍山铁西供电公司附属用房 ', '9290920691', '', '2021', '2层', '钢混', 948.0000, '附属用房', 3196325.020000, '270100000993', '022100000000525573', '铁西区', 0, '2022-05-12 07:19:26'),
	(47, '国网辽宁鞍山供电公司岫岩物资仓储点 ', '9333191428', '', '2017年', '1层', '钢结构', 698.0000, '仓库', 2212577.790000, '270100000994', '022100000000525574', '岫岩县', 0, '2022-05-12 07:19:26'),
	(48, '国网岫岩大房身供电所办公楼', '132200163WJ4', '', '2019', '2层', '钢混', 305.2000, '乡镇供电所', 73000.000000, '270100000787', '022100000000020596', '岫岩县', 0, '2022-05-12 07:19:26'),
	(49, '国网海城岔沟供电所办公楼', '7022104814', '', '2018年', '2层', '钢混', 523.0000, '乡镇供电所', 1528058.520000, '270100000995', '022100000000525575', '海城市', 0, '2022-05-12 07:19:26'),
	(50, '国网海城八里供电所办公楼', '5708572232', '', '2018年', '2层', '砖混', 525.0000, '乡镇供电所', 2260771.380000, '270100001038', '022100000000546997', '海城市', 0, '2022-05-12 07:19:26'),
	(51, '国网台安供电黄沙供电所办公楼', '8196197122', '', '2020', '2层', '砖混', 525.0000, '乡镇供电所', 2232401.890000, '270100001039', '', '台安县', 0, '2022-05-12 07:19:26'),
	(52, '国网海城毛祁供电所办公楼', '1402792159', '', '2020年', '2层', '砖混', 525.0000, '乡镇供电所', 2259758.500000, '270100001036', '', '海城市', 0, '2022-05-12 07:19:26'),
	(53, '国网台安台安镇供电所办公楼', '2817699723', '', '2020', '2层', '钢混', 525.0000, '乡镇供电所', 2694493.490000, '270100001037', '', '台安县', 0, '2022-05-12 07:19:26'),
	(54, '国网海城英落供电所办公楼', '', '', '2021年', '2层', '钢混', 500.0000, '乡镇供电所', 1349589.490000, '270100001041', '', '海城市', 0, '2022-05-12 07:19:26'),
	(55, '国网海城中小供电所办公楼', '', '', '2021年', '2层', '钢混', 525.0000, '乡镇供电所', 1503484.310000, '270100001040', '', '海城市', 0, '2022-05-12 07:19:26'),
	(56, '国网岫岩三家子供电所办公楼', '1722AS1722X4', '', '2021年', '2层', '钢混', 525.0000, '乡镇供电所', 1351378.810000, '270100001042', '', '岫岩县', 0, '2022-05-12 07:19:27'),
	(57, '国网台安新台供电所办公楼', '', '', '2020年', '2层', '钢混', 500.0000, '乡镇供电所', 1067660.860000, '270100001043', '', '台安县', 0, '2022-05-12 07:19:27'),
	(58, '国网台安新华供电所办公楼', '', '', '2020年', '2层', '钢混', 500.0000, '乡镇供电所', 0.000000, '', '', '台安县', 0, '2022-05-12 07:19:27'),
	(59, '国网海城高坨供电所办公楼', '', '', '2020年', '2层', '钢混', 500.0000, '乡镇供电所', 0.000000, '', '', '', 0, '2022-05-12 07:19:27');

-- 导出  表 hq_mana.Projects 结构
DROP TABLE IF EXISTS `Projects`;
CREATE TABLE IF NOT EXISTS `Projects` (
  `id` int NOT NULL AUTO_INCREMENT,
  `Premises_id` int NOT NULL DEFAULT '0',
  `OrderID` varchar(50) CHARACTER SET utf8 COLLATE utf8_general_ci NOT NULL DEFAULT '',
  `Name` varchar(50) CHARACTER SET utf8 COLLATE utf8_general_ci NOT NULL DEFAULT '' COMMENT '工程名称',
  `Types_id` int NOT NULL DEFAULT '0' COMMENT '工程类型',
  `Detail` longtext CHARACTER SET utf8 COLLATE utf8_general_ci NOT NULL COMMENT '工程内容',
  `Date` varchar(50) NOT NULL DEFAULT '',
  `Amount` decimal(20,6) NOT NULL DEFAULT '0.000000' COMMENT '计划金额',
  `Developing_Reply` varchar(50) NOT NULL DEFAULT '' COMMENT '可研批复',
  `Initial_Reply` varchar(50) NOT NULL DEFAULT '' COMMENT '初始批复',
  `Plan_Code` varchar(50) NOT NULL DEFAULT '' COMMENT '计划文号',
  `Begin_Date` date NOT NULL DEFAULT '1900-01-01' COMMENT '开工时间',
  `End_Date` date NOT NULL DEFAULT '1900-01-01' COMMENT '竣工时间',
  `Tenders_id` int NOT NULL DEFAULT '0' COMMENT '中标单位',
  `Progress` decimal(5,2) NOT NULL DEFAULT '0.00' COMMENT '形象进度',
  `Collect_Tag` varchar(50) NOT NULL DEFAULT '' COMMENT '收集整理',
  `Check_Tag` varchar(50) NOT NULL DEFAULT '' COMMENT '立卷检查',
  `Grade_Tag` varchar(50) NOT NULL DEFAULT '' COMMENT '验收合格',
  `Remark` longtext CHARACTER SET utf8 COLLATE utf8_general_ci NOT NULL,
  `Amount_Order` decimal(20,6) NOT NULL DEFAULT '0.000000' COMMENT '合同金额',
  `Amount_Reality` decimal(20,6) NOT NULL DEFAULT '0.000000' COMMENT '实际发生金额',
  `Amount_Pay` decimal(20,6) NOT NULL DEFAULT '0.000000' COMMENT '支付金额',
  `Amount_Arrear` decimal(20,6) NOT NULL DEFAULT '0.000000' COMMENT '欠款金额',
  `Warranty` date NOT NULL DEFAULT '1900-01-01' COMMENT '质保金支付时间',
  `Users_id` int NOT NULL DEFAULT '0' COMMENT '用户编号',
  `DateTime` datetime NOT NULL DEFAULT CURRENT_TIMESTAMP COMMENT '操作时间',
  PRIMARY KEY (`id`)
) ENGINE=InnoDB AUTO_INCREMENT=93 DEFAULT CHARSET=utf8mb3 COMMENT='工程项目';

-- 正在导出表  hq_mana.Projects 的数据：~92 rows (大约)
REPLACE INTO `Projects` (`id`, `Premises_id`, `OrderID`, `Name`, `Types_id`, `Detail`, `Date`, `Amount`, `Developing_Reply`, `Initial_Reply`, `Plan_Code`, `Begin_Date`, `End_Date`, `Tenders_id`, `Progress`, `Collect_Tag`, `Check_Tag`, `Grade_Tag`, `Remark`, `Amount_Order`, `Amount_Reality`, `Amount_Pay`, `Amount_Arrear`, `Warranty`, `Users_id`, `DateTime`) VALUES
	(1, 1, 'SGLNAS00ZHGC2100658', '国网辽宁鞍山车辆运输服务部综合楼装饰装修分系统4层、5层停车场改造', 1, '该项目主要内容及工程量：根据使用单位需求利用现有停车场改为办公用房使用，并对该房间内进行重新装修，装修面积2752㎡。砌筑墙体130.8m³（200厚轻集料混凝土砌块）；地面铺砖2350㎡；橡胶板地面226平方米；重新刮大白、刷乳胶漆508㎡；室内墙砖铺贴546㎡；安装铝板吊顶2350㎡；安装内门65樘；喷淋支管（上喷改下喷）126米；喷淋头180个；感烟探测器38个；灯具130套；散热器更换65组；安装暖气罩215㎡；窗台板18.55㎡；更衣柜40米；肯德基门6㎡；楼内线路整体改造；增设电暖气40组等。', '', 286.000000, '辽电后勤〔2020〕603号', '辽电后勤〔2021〕485号', '辽电发策〔2021〕89号', '2021-08-17', '2021-11-12', 1, 1.00, '未完成', '未完成', '未完成', '', 255.442179, 253.912426, 0.000000, 0.000000, '0001-01-01', 0, '2022-05-12 07:19:20'),
	(2, 2, '', '国网辽宁鞍山供电公司调度中心综合楼电梯分系统电梯改造', 1, '该项目主要内容及工程量：\n更换3部电梯', '', 252.000000, '辽电后勤〔2020〕603号', '辽电后勤〔2021〕485号', '辽电发策〔2021〕89号', '0001-01-01', '0001-01-01', 0, 0.00, '', '', '', '', 0.000000, 0.000000, 0.000000, 0.000000, '0001-01-01', 0, '2022-05-12 07:19:21'),
	(3, 3, 'SGLNAS00ZHGC2101011', '国网辽宁鞍山海城供电分公司变电三工区办公楼装饰装修分系统综合维修', 2, '该项目主要内容及工程量：外墙保温及涂料重新粉刷2237㎡；屋面保温铺贴（B1级阻燃型聚苯板100厚）660㎡；屋面防水铺贴572㎡；铲除室内墙面大白并重新刮大白涂刷乳胶漆6593㎡，增设硅酸钙板吊顶2580㎡；地面砖铺设2700㎡；内门更换110樘；更换窗户110樘；安装灯具334套；卫生间、厨房铺贴墙砖673㎡、铺贴地砖103㎡、吊顶120㎡；路面维修350㎡（带基层），门斗外装饰面拆除并重新铺贴装饰板35㎡。', '', 293.000000, '辽电后勤〔2020〕604号', '辽电后勤〔2021〕434号', '辽电发策〔2021〕89号', '2021-08-19', '2021-09-13', 2, 1.00, '未完成', '未完成', '未完成', '', 284.010000, 273.555205, 0.000000, 0.000000, '0001-01-01', 0, '2022-05-12 07:19:21'),
	(4, 4, 'SGLNAS00ZHGC2101010', '国网辽宁鞍山海城供电分公司输电工区办公楼装饰装修分系统综合维修', 2, '该项目主要内容及工程量：外墙保温及涂料重新粉刷830㎡；屋面铺设保温505㎡；屋面防水550㎡；内墙大白铲除并重新粉刷1763㎡，外窗拆除并更换断桥铝窗180㎡；地砖铲除后重新铺设565㎡；内门更换40樘；安装灯具110套；卫生间、浴室地面砖铺贴25㎡、墙面砖126㎡、吊顶20㎡；车库、活动室暖气拆除6组，安装18组；屋面防水重新铺贴550㎡；内墙大白、乳胶漆粉刷1763㎡；拖布池3套；洗手盆4套。', '', 115.000000, '辽电后勤〔2020〕604号', '辽电后勤〔2021〕434号', '辽电发策〔2021〕89号', '2021-08-19', '2021-09-13', 2, 1.00, '未完成', '未完成', '未完成', '', 111.470000, 105.700425, 0.000000, 0.000000, '0001-01-01', 0, '2022-05-12 07:19:21'),
	(5, 5, 'SGLNAS00ZHGC2100599', '国网辽宁鞍山台安供电分公司台安镇办公楼供热采暖分系统采暖管道维修及食堂维修', 2, '该项目主要内容及工程量：办公楼：室外采暖管道更换196m（DN70热浸镀锌无缝钢管外刷防腐，加聚氨酯发泡保温管保温（一供一回））。室内采暖管道600m，给水管道120m，内门更换120套，厂区路面维修1075平（带基层）；食堂：铲除室内墙面大白铲除并重新粉刷853㎡；顶棚大白并重新刮大白涂刷乳胶漆262㎡；地砖铲除后重新铺设262㎡，墙砖铲除后重新铺设105㎡；安装铝扣板吊顶262㎡，内门更换7樘；安装灯具25套；拆除并安装插座24个；全屋电路改造1410m，给水管道50m等。', '', 93.000000, '辽电后勤〔2020〕604号', '鞍电综合〔2021〕52号', '辽电发策〔2021〕89号', '2021-08-17', '2021-10-26', 3, 1.00, '未完成', '未完成', '未完成', '', 89.180000, 81.774246, 0.000000, 0.000000, '0001-01-01', 0, '2022-05-12 07:19:21'),
	(6, 6, 'SGLNAS00ZHGC2100603', '国网辽宁鞍山供电公司物资供应中心办公楼装饰装修分系统卫生间及楼内灯具维修', 2, '该项目主要内容及工程量：卫生间：卫生间地砖铲除后重新铺设74.5㎡，墙砖铲除后重新铺设457㎡，更换铝板吊顶74.5㎡，地面防水更换105㎡；大便器更换9套，小便器6套等；楼内灯具更换198套，石膏板吊顶修复17.3㎡；走廊大白修复328.2㎡。库房：屋面彩钢板拆除并安装75㎡，安装硅酸盖板吊顶68㎡，墙面大白189㎡。屋面防水铺贴650㎡，外墙更换雨水管72m。', '', 46.000000, '辽电后勤〔2020〕604号', '鞍电综合〔2021〕52号', '辽电发策〔2021〕89号', '2021-08-17', '2021-10-26', 3, 1.00, '未完成', '未完成', '未完成', '', 44.600000, 41.494256, 0.000000, 0.000000, '0001-01-01', 0, '2022-05-12 07:19:21'),
	(7, 7, 'SGLNAS00ZHGC2100604', '国网辽宁鞍山供电公司信息通讯公司设备检修班综合维修', 2, '该项目主要内容及工程量：（1）室内：利用原有小库房更改为卫生间和淋浴间使用，面积为15㎡；原有采暖管道拆除重新布置，更换室内采暖管道430米；更换室外采暖管道115米（一供一回）；更换散热器16组（25柱12组，15柱4组）；更换内门9樘；灯具更换23套；楼内线路重新布置。（2）室外：场院栏杆更换30㎡；维修库房彩钢板库房50㎡；铁艺大门2座（22㎡）；路面铺设740㎡。', '', 43.000000, '辽电后勤〔2020〕604号', '鞍电综合〔2021〕52号', '辽电发策〔2021〕89号', '2021-08-19', '2021-12-05', 4, 1.00, '未完成', '未完成', '未完成', '', 41.680000, 39.028507, 0.000000, 0.000000, '0001-01-01', 0, '2022-05-12 07:19:21'),
	(8, 8, 'SGLNAS00ZHGC2101210', '国网辽宁鞍山供电公司汤岗子供电所围护分系统等路面维修', 3, '路面沥青2319平方米，雨蓬132平方米；附属用房车库门（3300*3600）3个，防盗门2樘；屋面防水650平方米，外墙保温、真石漆涂料1066平方米；断桥铝门窗201平方米；更换电动伸缩大门7米，维修楼前花坛理石23.6米，安装绿地条石与围栏41米，更换雨落管13根（11米）。电锅炉150kw维修,散热器89组,采暖管线维修：556m：（其中：Dn80：85m,Dn50：121m；Dn32：125m,Dn25：225m），膨胀水箱1立，1个,闸阀Dn80：2个,球阀Dn32：8个，球阀Dn25：16个,电控柜：1台,电缆：YJV22-4X240mm-SC150：16m。木门28樘；钢质门6平方米；肯德基门10平方米；拆除窗台板125米；地砖1390平方米；大白3927平方米；给水管DN65钢管50米，雨水管线DN300波纹管45米，雨水篦子56米。室外灯4盏，更换灯具99套，开关45套，插座139套；更换电线3141米；网线、电话线1097m等。', '', 151.000000, '辽电后勤〔2020〕301号', '辽电后勤〔2021〕599号', '辽电财〔2021〕381号', '2021-09-30', '2021-12-05', 4, 0.80, '未完成', '未完成', '未完成', '', 146.360000, 134.853412, 0.000000, 0.000000, '0001-01-01', 0, '2022-05-12 07:19:21'),
	(9, 9, 'SGLNAS00ZHGC2101209', '国网辽宁鞍山供电公司离退办办公楼外围护分系统外墙、外窗维修及附属用房维修', 3, '该项目主要内容及工程量：\n1.围护：主楼外墙面增加保温、重新粉刷涂料1964㎡；外窗更换断桥铝窗（含纱窗）359㎡；窗台板加设82㎡；肯德基门安装15㎡。2.主楼：灯具拆除50套，安装LED122套；硅酸钙板吊顶安装400㎡。3.附属用房：更换硅酸钙板吊顶300㎡；灯具更换40套。4.门卫：墙面砖铺贴59.4㎡；顶棚大白、乳胶漆重新粉刷20㎡；地砖拆除并重新铺设20㎡。5.附属车库：灯具更换12套；大白铲除并重新刮大白1308㎡；天棚大白铲除及重新刮大白650㎡等。', '', 104.000000, '辽电后勤〔2021〕433号', '辽电后勤〔2021〕599号', '辽电财〔2021〕381号', '2021-09-30', '2021-10-31', 5, 1.00, '未完成', '未完成', '未完成', '', 100.790000, 90.276892, 0.000000, 0.000000, '0001-01-01', 0, '2022-05-12 07:19:21'),
	(10, 10, 'SGLNAS00ZHGC2101208', '国网辽宁鞍山供电公司输电工区办公楼供热分系统及装饰装修分系统综合维修', 3, '该项目主要内容及工程量：1.室内：铺贴复合地板1917㎡，地胶铺贴963㎡，踢脚线79.2㎡，地砖拆除并重新铺贴480㎡；更换成品木门110樘；重新粉刷乳胶漆墙面9480㎡，墙面砖拆除并重新铺贴1155.6㎡；拆除吊顶并重新安装铝扣板吊顶480㎡；硅酸钙板吊顶696㎡；更换LED灯具168套；更换大便器12套，小便器8套，大理石台面4.8㎡；安装断桥铝窗（含纱窗）575㎡，增设窗台板169.8㎡；更换散热器113组，更换采暖管道1342米等。', '', 281.000000, '辽电后勤〔2021〕433号', '辽电后勤〔2021〕599号', '辽电财〔2021〕381号', '2021-09-30', '2021-10-31', 5, 1.00, '未完成', '未完成', '未完成', '', 272.380000, 247.725916, 0.000000, 0.000000, '0001-01-01', 0, '2022-05-12 07:19:21'),
	(11, 11, 'SGLNAS00ZHGC2101203', '国网辽宁鞍山台安供电分公司变电办公楼装饰装修分系统墙面、屋面防水维修', 3, '该项目主要内容及工程量：\n1.主楼：内墙大白、乳胶漆铲除并重新粉刷3700㎡；拆除灯具198套，重新安装灯具198套；内门更换10樘。2.微波站：内墙大白、乳胶漆铲除并重新粉刷1185㎡，拆除灯具40套，并重新安装75套；地面防水15㎡；地面砖铺贴15㎡；墙面砖铺贴45㎡；卫生间整修15㎡。3.外围护：屋面防水铺贴907㎡。4.特种车库：防火卷帘门40㎡；电动装置5套；电暖气10组；墙面大白900㎡；天棚防水大白300㎡等。', '', 54.000000, '辽电后勤〔2021〕433号', '鞍电综合〔2021〕128号(', '辽电财〔2021〕381号', '2021-09-30', '2021-10-20', 2, 1.00, '未完成', '未完成', '未完成', '', 52.330000, 50.100638, 0.000000, 0.000000, '0001-01-01', 0, '2022-05-12 07:19:21'),
	(12, 12, 'SGLNAS00ZHGC2101211', '国网辽宁鞍山海城供电分公司腾鳌供电中心围护分系统外墙、外窗及采暖管道维修', 3, '该项目主要内容及工程量：1.室内：内墙大白铲除并重新粉刷乳胶漆7400㎡；室内更换采暖管道1450m，散热器跟换174组。2.室外：外墙涂料铲除并铺贴保温重新粉刷真石漆4540㎡；室外台阶面层更换75㎡；更换断桥铝窗（含纱窗）680㎡，安装铝合金纱窗80㎡、窗帘525㎡，窗台板107㎡。室外采暖管道（DN100热浸镀锌无缝钢管外刷防腐，加聚氨酯发泡保温管保温）更换223m；破坏路面及恢复150㎡；雨水井砌筑5座等。', '', 267.000000, '辽电后勤〔2021〕433号', '辽电后勤〔2021〕599号', '辽电财〔2021〕381号', '2021-09-30', '2021-11-30', 3, 1.00, '未完成', '未完成', '未完成', '', 258.800000, 242.684984, 0.000000, 0.000000, '0001-01-01', 0, '2022-05-12 07:19:21'),
	(13, 13, 'SGLNAS00ZHGC2101206', '国网辽宁鞍山岫岩供电分公司老农电局办公楼围护分系统外墙维修', 3, '该项目主要内容及工程量：混凝土构件（挑檐）拆除并维修84m3；铲除墙面涂料2443㎡；全楼外墙真石漆粉刷2243㎡；屋面防水652㎡；空调拆装46台等。', '', 51.000000, '辽电后勤〔2021〕433号', '鞍电综合〔2021〕128号(', '辽电财〔2021〕381号', '2021-09-30', '2021-11-28', 4, 1.00, '未完成', '未完成', '未完成', '', 49.420000, 46.354738, 0.000000, 0.000000, '0001-01-01', 0, '2022-05-12 07:19:21'),
	(14, 14, 'SGLNAS00ZHGC2101205', '国网辽宁鞍山岫岩供电分公司办公楼附属用房围护分系统外墙、屋面维修', 3, '该项目主要内容及工程量：外墙粉刷真石漆粉1400㎡，屋面防水铲除及重新铺贴1236㎡等。', '', 41.000000, '辽电后勤〔2021〕433号', '鞍电综合〔2021〕128号(', '辽电财〔2021〕381号', '2021-09-30', '2021-11-30', 4, 1.00, '未完成', '未完成', '未完成', '', 39.730000, 37.429057, 0.000000, 0.000000, '0001-01-01', 0, '2022-05-12 07:19:21'),
	(15, 15, 'SGLNAS00ZHGC2101204', '国网辽宁鞍山海城供电公司配电抢修班综合维修', 3, '该项目主要内容及工程量：1.室外：外墙保温及涂料铲除并重新粉刷真石漆253㎡；屋面防水328.2㎡；外窗拆除并更换断桥铝窗（含纱窗）26.3㎡；修复台阶5.6㎡，散水修复60㎡。2.室内：铲除室内墙面大白并重粉刷乳胶漆587.1㎡；顶棚大白铲除并重新粉刷乳胶漆262㎡；地砖铲除后重新铺设262㎡，卫生间地砖铲除后重新铺设3.09㎡，墙砖铲除后重新铺设45.5㎡，铝板吊顶3.09㎡；内门更换8樘，全玻璃自由门6.3㎡；LED等28套；拆除并安装插座10个；全屋电路改造，散热器更换12组等。', '', 44.000000, '辽电后勤〔2021〕433号', '鞍电综合〔2021〕128号(', '辽电财〔2021〕381号', '2021-09-30', '2021-12-06', 4, 1.00, '未完成', '未完成', '未完成', '', 42.630000, 39.207924, 0.000000, 0.000000, '0001-01-01', 0, '2022-05-12 07:19:22'),
	(16, 16, 'SGLNAS00ZHGC2101207', '国网辽宁鞍山海城供电分公司牌楼供电所围护系统外墙面维修', 3, '本工程主要工程量：（1）供电所：外墙保温及涂料重新粉刷465㎡；外窗拆除并更换断桥铝窗（含纱窗）132㎡；窗台板加设10.2㎡；铲除室内墙面大白并重新刮大白涂刷乳胶漆1189㎡；顶棚乳胶漆粉刷606㎡。（2）附属用房：外墙保温及涂料重新粉刷真石漆284㎡；外窗拆除并更换断桥铝窗27㎡；窗台板加设2.4㎡；外门更换肯德基门3.6㎡；铲除室内墙面重新刮大白涂刷乳胶漆367㎡；铲除顶棚大白并重新刮大白涂刷乳胶漆160㎡；室内吊顶更换19㎡。（3）室外：室外台阶维修48㎡等。', '', 56.000000, '辽电后勤〔2021〕433号', '鞍电综合〔2021〕128号(', '辽电财〔2021〕381号', '2021-09-30', '2021-12-03', 4, 1.00, '未完成', '未完成', '未完成', '', 54.350000, 50.221934, 0.000000, 0.000000, '0001-01-01', 0, '2022-05-12 07:19:22'),
	(17, 17, 'SGLNAS00ZHGC2100613', '国网辽宁鞍山台安供电分公司富家供电所围护分系统路面、外墙及屋面防水等维修', 4, '该项目主要内容及工程量：室外路面方砖铺设720㎡（铺大方砖490*490*50）；外墙真石漆粉刷433㎡；会议室地砖重新铺设80㎡（陶瓷地面砖800*800）；屋面防水重新铺设195㎡（SBS改性沥青卷材2道）；室内大白、乳胶漆重新粉刷1230㎡。', '', 29.000000, '鞍电综合〔2021〕3号', '鞍电综合〔2021〕52号', '鞍电财资〔2021〕56号', '0001-01-01', '0001-01-01', 1, 1.00, '未完成', '未完成', '未完成', '', 28.600000, 25.931989, 0.000000, 0.000000, '0001-01-01', 0, '2022-05-12 07:19:22'),
	(18, 18, 'SGLNAS00ZHGC2100615', '国网辽宁鞍山岫岩供电分公司大营子供电所围护分系统屋面及室外工程维修', 4, '本工程主要工程量：拆除彩钢瓦260㎡；铺设屋面保温260㎡（阻燃型聚苯板 厚度 100mm）；铺设防水283㎡（SBS改性沥青卷材2道）；砌筑台阶及饰面层铺贴44.1㎡；围墙粉刷256㎡，砌筑围墙110m（墙厚370mm）；地下排水管线更换25米（室外塑料排水管(热熔连接) 外径110mm以内）；污水井1座（圆形雨水检查井 砖砌收口式 井内径1000mm 适用管径200~600mm 井深3.1m）；防盗门更换3樘（钢质防盗门安装8㎡）。', '', 29.000000, '鞍电综合〔2021〕3号', '鞍电综合〔2021〕52号', '鞍电财资〔2021〕56号', '0001-01-01', '0001-01-01', 1, 1.00, '已完成', '已完成', '已完成', '', 28.600000, 27.026182, 0.000000, 0.000000, '0001-01-01', 0, '2022-05-12 07:19:22'),
	(19, 19, 'SGLNAS00ZHGC2100612', '国网辽宁鞍山岫岩供电分公司哨子河供电所围护分系统路面及室外工程维修', 4, '本工程主要工程量：路面盖被652㎡（沥青混凝土路面 人工摊铺 中粒式 厚度4cm 细粒式 厚度3cm）；围墙栏杆拆除后更换铁艺栏杆24米；外门更换3樘（钢质防盗门安装8㎡）；车棚维修30㎡。', '', 13.000000, '鞍电综合〔2021〕3号', '鞍电综合〔2021〕52号', '鞍电财资〔2021〕56号', '0001-01-01', '0001-01-01', 1, 1.00, '已完成', '已完成', '已完成', '', 12.820000, 12.068694, 0.000000, 0.000000, '0001-01-01', 0, '2022-05-12 07:19:22'),
	(20, 20, 'SGLNAS00ZHGC2100609', '国网辽宁鞍山岫岩供电分公司杨家堡供电所围护分系统屋面、路面及室外工程维修', 4, '该项目主要内容及工程量：\n路面盖被1257㎡（沥青混凝土路面 人工摊铺 中粒式 厚度4cm 细粒式 厚度3cm）；屋面防水铺设180㎡（SBS改性沥青卷材2道）；硅酸钙板吊顶更换175㎡；彩钢板屋面更换145㎡（屋面板安装压型钢板）。', '', 13.000000, '鞍电综合〔2021〕3号', '鞍电综合〔2021〕52号', '鞍电财资〔2021〕56号', '0001-01-01', '0001-01-01', 1, 1.00, '已完成', '已完成', '已完成', '', 12.810000, 12.023088, 0.000000, 0.000000, '0001-01-01', 0, '2022-05-12 07:19:22'),
	(21, 21, 'SGLNAS00ZHGC2100611', '国网辽宁鞍山岫岩供电分公司哈达碑供电所围护分系统外窗及内墙面维修', 4, '该项目主要内容及工程量：外窗更换137㎡（单框三玻断桥铝窗），并相应配置纱窗（铝合金纱窗）、窗台板（ 面层 石材）；大白、乳胶漆重新粉刷1787㎡。', '', 22.000000, '鞍电综合〔2021〕3号', '鞍电综合〔2021〕52号', '鞍电财资〔2021〕56号', '0001-01-01', '0001-01-01', 1, 1.00, '已完成', '已完成', '已完成', '', 21.690000, 20.370624, 0.000000, 0.000000, '0001-01-01', 0, '2022-05-12 07:19:22'),
	(22, 22, 'SGLNAS00ZHGC2100614', '国网辽宁鞍山台安供电分公司高力房供电所围护分系统路面及围墙等维修', 4, '该项目主要内容及工程量：外窗拆除并更换断桥铝窗270.65㎡（单框三玻），并相应配置纱窗（铝合金纱窗）、窗台板（面层 石材）；内墙大白、乳胶漆修复510.8㎡；灯具安装88套（LED灯）；室外围墙重新砌筑234.5㎡（实心混水砖墙 墙厚370mm）。', '', 44.000000, '鞍电综合〔2021〕3号', '鞍电综合〔2021〕52号', '鞍电财资〔2021〕56号', '0001-01-01', '0001-01-01', 1, 1.00, '未完成', '未完成', '未完成', '', 43.380000, 41.049946, 0.000000, 0.000000, '0001-01-01', 0, '2022-05-12 07:19:22'),
	(23, 23, 'SGLNAS00ZHGC2100610', '国网辽宁鞍山台安供电分公司桑林供电所供热采暖分系统室外管道维修', 4, '该项目主要内容及工程量：室外采暖管道更换278米（一供一回，DN100）；地面恢复200㎡（沥青混凝土路面中粒式人工摊铺厚度4cm 细粒式厚度3cm）。', '', 13.700000, '鞍电综合〔2021〕3号', '鞍电综合〔2021〕52号', '鞍电财资〔2021〕56号', '0001-01-01', '0001-01-01', 1, 1.00, '未完成', '未完成', '未完成', '', 13.510000, 11.554333, 0.000000, 0.000000, '0001-01-01', 0, '2022-05-12 07:19:22'),
	(24, 24, '', '国网鞍山供电公司2020年共和供电所维修', 5, '', '', 22.000000, '', '', '鞍电财资〔2021〕140号', '0001-01-01', '0001-01-01', 6, 1.00, '未完成', '未完成', '未完成', '', 0.000000, 20.879168, 0.000000, 0.000000, '0001-01-01', 0, '2022-05-12 07:19:22'),
	(25, 25, '', '国网鞍山供电公司2020年铁西道路及门禁维修', 5, '', '', 6.200000, '', '', '鞍电财资〔2021〕140号', '0001-01-01', '0001-01-01', 6, 1.00, '已完成', '已完成', '已完成', '', 0.000000, 5.482877, 0.000000, 0.000000, '0001-01-01', 0, '2022-05-12 07:19:22'),
	(26, 26, '', '国网鞍山供电公司2020生产指挥中心管道等设施防冻修缮', 5, '', '', 49.000000, '', '', '鞍电财资〔2021〕140号', '0001-01-01', '0001-01-01', 1, 1.00, '未完成', '未完成', '未完成', '', 0.000000, 47.896529, 0.000000, 0.000000, '0001-01-01', 0, '2022-05-12 07:19:22'),
	(27, 27, '', '囯网鞍山立山供电分公司2020散热器等维修', 5, '', '', 38.000000, '', '', '鞍电财资〔2021〕140号', '0001-01-01', '0001-01-01', 1, 1.00, '未完成', '未完成', '未完成', '', 0.000000, 36.352363, 0.000000, 0.000000, '0001-01-01', 0, '2022-05-12 07:19:23'),
	(28, 28, 'SGLNAS00ZHJS2101272', '国网鞍山台安分公司置换楼、台安镇楼、变电工区楼图纸复原', 5, '', '', 8.870000, '', '', '鞍电财资〔2021〕140号', '0001-01-01', '0001-01-01', 7, 1.00, '未完成', '未完成', '未完成', '', 8.865000, 8.865000, 0.000000, 0.000000, '0001-01-01', 0, '2022-05-12 07:19:23'),
	(29, 26, 'SGLNAS00ZHGC2101284', '国网辽宁鞍山供电公司生产指挥中心道闸及自动门维修', 5, '', '', 5.000000, '', '', '鞍电财资〔2021〕140号', '0001-01-01', '0001-01-01', 3, 1.00, '未完成', '未完成', '未完成', '', 5.000000, 4.749882, 0.000000, 0.000000, '0001-01-01', 0, '2022-05-12 07:19:23'),
	(30, 2, 'SGLNAS00ZHGC2101132', '国网鞍山供电公司 2021 年房屋日常维修工程', 5, '', '', 29.500000, '', '', '鞍电财资〔2021〕140号', '0001-01-01', '0001-01-01', 8, 1.00, '未完成', '未完成', '未完成', '', 29.521160, 29.375880, 0.000000, 0.000000, '0001-01-01', 0, '2022-05-12 07:19:23'),
	(31, 2, '', '国网鞍山供电公司2021年市区下水井等维修', 5, '', '', 12.896265, '', '', '鞍电财资〔2021〕140号', '0001-01-01', '0001-01-01', 6, 1.00, '未完成', '未完成', '未完成', '', 0.000000, 12.704218, 0.000000, 0.000000, '0001-01-01', 0, '2022-05-12 07:19:23'),
	(32, 29, 'SGLNAS00ZHGC2101286', '国网鞍山供电公司杂货梯维修', 5, '', '', 16.560000, '', '', '鞍电财资〔2021〕140号', '0001-01-01', '0001-01-01', 3, 1.00, '已完成', '已完成', '已完成', '', 16.560000, 15.731946, 0.000000, 0.000000, '0001-01-01', 0, '2022-05-12 07:19:23'),
	(33, 30, 'SGLNAS00ZHGC2101281', '国网辽宁鞍山海城供电分公司铁东局围护分系统维修', 5, '', '', 37.500000, '', '', '鞍电财资〔2021〕140号', '0001-01-01', '0001-01-01', 2, 1.00, '未完成', '未完成', '未完成', '', 37.500000, 36.040594, 0.000000, 0.000000, '0001-01-01', 0, '2022-05-12 07:19:23'),
	(34, 30, 'SGLNAS00ZHGC2101285', '国网辽宁鞍山海城供电分公司铁东供电局附属用房维修', 5, '', '', 38.000000, '', '', '鞍电财资〔2021〕140号', '0001-01-01', '0001-01-01', 2, 1.00, '未完成', '未完成', '未完成', '', 38.000000, 36.509236, 0.000000, 0.000000, '0001-01-01', 0, '2022-05-12 07:19:23'),
	(35, 2, 'SGLNAS00ZHGC2101282', '国网辽宁鞍山供电分公司调度中心门卫室等综合维修', 5, '', '', 29.500000, '', '', '鞍电财资〔2021〕140号', '0001-01-01', '0001-01-01', 2, 1.00, '未完成', '未完成', '未完成', '', 29.500000, 28.328303, 0.000000, 0.000000, '0001-01-01', 0, '2022-05-12 07:19:23'),
	(36, 29, 'SGLNAS00ZHGC2101283', '国网辽宁鞍山供电分公司基建部综合楼车库修缮', 5, '', '', 30.000000, '', '', '鞍电财资〔2021〕140号', '0001-01-01', '0001-01-01', 2, 1.00, '未完成', '未完成', '未完成', '', 30.000000, 28.772212, 0.000000, 0.000000, '0001-01-01', 0, '2022-05-12 07:19:23'),
	(37, 2, 'SGLNAS00ZHGC2101274', '国网鞍山供电公司调度中心大楼水泵维修', 5, '', '', 7.000000, '', '', '鞍电财资〔2021〕140号', '0001-01-01', '0001-01-01', 3, 1.00, '未完成', '未完成', '未完成', '', 7.000000, 6.534021, 0.000000, 0.000000, '0001-01-01', 0, '2022-05-12 07:19:23'),
	(38, 31, 'SGLNAS00ZHGC2101232', '国网鞍山供电公司铁东局4个房间及大楼卷帘刷漆等维修', 5, '', '', 7.000000, '', '', '鞍电财资〔2021〕140号', '0001-01-01', '0001-01-01', 1, 1.00, '未完成', '未完成', '未完成', '', 7.000000, 6.524203, 0.000000, 0.000000, '0001-01-01', 0, '2022-05-12 07:19:23'),
	(39, 2, 'SGLNAS00ZHGC2101231', '国网鞍山供电公司业扩联合作业中心等维修', 5, '', '', 26.000000, '', '', '鞍电财资〔2021〕140号', '0001-01-01', '0001-01-01', 1, 1.00, '未完成', '未完成', '未完成', '', 26.000000, 25.513532, 0.000000, 0.000000, '0001-01-01', 0, '2022-05-12 07:19:23'),
	(40, 2, 'SGLNAS00ZHGC2101229', '国网鞍山供电公司调度中心大楼负一、负二及供服中心东侧防水等维修', 5, '', '', 26.000000, '', '', '鞍电财资〔2021〕140号', '0001-01-01', '0001-01-01', 1, 1.00, '未完成', '未完成', '未完成', '', 26.000000, 25.513557, 0.000000, 0.000000, '0001-01-01', 0, '2022-05-12 07:19:23'),
	(41, 2, 'SGLNAS00ZHGC2101230', '国网鞍山供电公司调度中心大楼8楼等维修', 5, '', '', 29.000000, '', '', '鞍电财资〔2021〕140号', '0001-01-01', '0001-01-01', 1, 1.00, '未完成', '未完成', '未完成', '', 29.000000, 28.273240, 0.000000, 0.000000, '0001-01-01', 0, '2022-05-12 07:19:23'),
	(42, 2, 'SGLNAS00ZHGC2101273', '国网辽宁鞍山供电公司调度楼、基建楼、高新附属楼、生产指挥中心等房间及卫生间等维修', 5, '', '', 29.000000, '', '', '鞍电财资〔2021〕140号', '0001-01-01', '0001-01-01', 3, 1.00, '未完成', '未完成', '未完成', '', 29.000000, 27.266923, 0.000000, 0.000000, '0001-01-01', 0, '2022-05-12 07:19:23'),
	(43, 32, 'SGLNAS00ZHGC2101343', '国网鞍山供电公司园林所装饰装修工程', 5, '', '', 43.600000, '', '', '鞍电财资〔2021〕140号', '0001-01-01', '0001-01-01', 1, 1.00, '未完成', '未完成', '未完成', '', 43.600000, 39.427342, 0.000000, 0.000000, '0001-01-01', 0, '2022-05-12 07:19:24'),
	(44, 33, 'SGLNAS00ZHGC2101344', '国网辽宁鞍山供电公司东山供电营业所仓库装饰装修', 5, '', '', 13.483300, '', '', '鞍电财资〔2021〕140号', '0001-01-01', '0001-01-01', 1, 1.00, '未完成', '未完成', '未完成', '', 13.483300, 13.101280, 0.000000, 0.000000, '0001-01-01', 0, '2022-05-12 07:19:24'),
	(45, 34, 'SGLNAS00ZHGC2101345', '国网辽宁鞍山供电公司旧堡供电营业所仓库装饰装修', 5, '', '', 32.558300, '', '', '鞍电财资〔2021〕140号', '0001-01-01', '0001-01-01', 1, 1.00, '未完成', '未完成', '未完成', '', 32.558300, 31.929585, 0.000000, 0.000000, '0001-01-01', 0, '2022-05-12 07:19:24'),
	(46, 35, 'SGLNAS00ZHGC2101346', '国网辽宁鞍山供电公司汪家峪变电站仓库装饰装修', 5, '', '', 7.433800, '', '', '鞍电财资〔2021〕140号', '0001-01-01', '0001-01-01', 1, 1.00, '已完成', '已完成', '已完成', '', 7.433800, 7.273025, 0.000000, 0.000000, '0001-01-01', 0, '2022-05-12 07:19:24'),
	(47, 36, 'SGLNAS00ZHGC2101348', '国网辽宁鞍山供电公司魏家屯变电站锅炉安装', 5, '', '', 7.401100, '', '', '鞍电财资〔2021〕140号', '0001-01-01', '0001-01-01', 1, 1.00, '已完成', '已完成', '已完成', '', 7.401100, 7.284156, 0.000000, 0.000000, '0001-01-01', 0, '2022-05-12 07:19:24'),
	(48, 36, 'SGLNAS00ZHGC2101347', '国网辽宁鞍山供电公司魏家屯变电站仓库装饰装修', 5, '', '', 10.289600, '', '', '鞍电财资〔2021〕140号', '0001-01-01', '0001-01-01', 1, 1.00, '已完成', '已完成', '已完成', '', 10.289600, 10.091295, 0.000000, 0.000000, '0001-01-01', 0, '2022-05-12 07:19:24'),
	(49, 36, 'SGLNAS00ZHGC2101340', '国网辽宁鞍山供电公司魏家屯变电站室外维修', 5, '', '', 37.278000, '', '', '鞍电财资〔2021〕140号', '0001-01-01', '0001-01-01', 1, 1.00, '已完成', '已完成', '已完成', '', 37.278000, 36.643400, 0.000000, 0.000000, '0001-01-01', 0, '2022-05-12 07:19:24'),
	(50, 37, 'SGLNAS00ZHGC2101433', '国网辽宁鞍山供电公司创新成果展厅装修合同', 5, '', '', 37.500000, '', '', '鞍电财资〔2021〕140号', '0001-01-01', '0001-01-01', 1, 1.00, '已完成', '已完成', '已完成', '', 37.500000, 35.132532, 0.000000, 0.000000, '0001-01-01', 0, '2022-05-12 07:19:24'),
	(51, 38, 'SGLNAS00ZHGC2101431', '国网辽宁鞍山供电公司变电一工区附属用房装修合同', 5, '', '', 21.300000, '', '', '鞍电财资〔2021〕140号', '0001-01-01', '0001-01-01', 1, 1.00, '已完成', '已完成', '已完成', '', 21.300000, 21.049704, 0.000000, 0.000000, '0001-01-01', 0, '2022-05-12 07:19:24'),
	(52, 37, 'SGLNAS00ZHGC2101432', '国网辽宁鞍山供电公司高压试验室装修合同', 5, '', '', 46.200000, '', '', '鞍电财资〔2021〕140号', '0001-01-01', '0001-01-01', 1, 1.00, '已完成', '已完成', '已完成', '', 46.200000, 43.794668, 0.000000, 0.000000, '0001-01-01', 0, '2022-05-12 07:19:24'),
	(53, 39, 'SGLNAS00ZHGC2101363', '国网辽宁鞍山供电公司达道湾物资库场区道路维修合同', 5, '', '', 23.000000, '', '', '鞍电财资〔2021〕140号', '0001-01-01', '0001-01-01', 3, 1.00, '未完成', '未完成', '未完成', '', 23.000000, 21.683174, 0.000000, 0.000000, '0001-01-01', 0, '2022-05-12 07:19:24'),
	(54, 39, 'SGLNAS00ZHGC2101366', '国网辽宁鞍山供电公司达道湾物资库场区电子围栏和电源维修合同', 5, '', '', 35.000000, '', '', '鞍电财资〔2021〕140号', '0001-01-01', '0001-01-01', 3, 1.00, '未完成', '未完成', '未完成', '', 35.000000, 32.952012, 0.000000, 0.000000, '0001-01-01', 0, '2022-05-12 07:19:24'),
	(55, 39, 'SGLNAS00ZHGC2101364', '国网辽宁鞍山供电公司达道湾物资库库房和附属用房门窗围墙维修合同', 5, '', '', 11.000000, '', '', '鞍电财资〔2021〕140号', '0001-01-01', '0001-01-01', 3, 1.00, '未完成', '未完成', '未完成', '', 11.000000, 10.327327, 0.000000, 0.000000, '0001-01-01', 0, '2022-05-12 07:19:24'),
	(56, 39, 'SGLNAS00ZHGC2101365', '国网辽宁鞍山供电公司达道湾物资库道路开口和地秤维修合同', 5, '', '', 34.000000, '', '', '鞍电财资〔2021〕140号', '0001-01-01', '0001-01-01', 3, 1.00, '未完成', '未完成', '未完成', '', 34.000000, 32.106925, 0.000000, 0.000000, '0001-01-01', 0, '2022-05-12 07:19:24'),
	(57, 26, 'SGLNAS00ZHGC2101353', '国网鞍山供电公司生产指挥中心空调机组维修', 5, '', '', 16.000000, '', '', '鞍电财资〔2021〕140号', '0001-01-01', '0001-01-01', 3, 0.00, '未完成', '未完成', '未完成', '', 16.000000, 15.039445, 0.000000, 0.000000, '0001-01-01', 0, '2022-05-12 07:19:24'),
	(58, 40, 'SGLNAS00ZHGC2101354', '国网辽宁鞍山岫岩县供电分公司偏岭供电所围护分系统路面维修', 5, '', '', 4.000000, '', '', '鞍电财资〔2021〕140号', '0001-01-01', '0001-01-01', 3, 1.00, '已完成', '已完成', '已完成', '', 4.000000, 3.755322, 0.000000, 0.000000, '0001-01-01', 0, '2022-05-12 07:19:24'),
	(59, 41, 'SGLNAS00ZHGC2101355', '国网鞍山供电公司原农电服务公司综合楼维修', 5, '', '', 15.000000, '', '', '鞍电财资〔2021〕140号', '0001-01-01', '0001-01-01', 3, 1.00, '已完成', '已完成', '已完成', '', 15.000000, 14.169969, 0.000000, 0.000000, '0001-01-01', 0, '2022-05-12 07:19:25'),
	(60, 26, 'SGLNAS00ZHGC2101356', '国网辽宁鞍山供电公司营销楼院内道板砖维修', 5, '', '', 5.000000, '', '', '鞍电财资〔2021〕140号', '0001-01-01', '0001-01-01', 3, 1.00, '已完成', '已完成', '已完成', '', 5.000000, 4.642234, 0.000000, 0.000000, '0001-01-01', 0, '2022-05-12 07:19:25'),
	(61, 18, 'SGLNAS00ZHGC2101349', '国网鞍山岫岩供电分公司大营子供电所围护分系统室内及车棚等维修(农维费)', 5, '', '', 12.000000, '', '', '鞍电财资〔2021〕140号', '0001-01-01', '0001-01-01', 1, 1.00, '已完成', '已完成', '已完成', '', 12.000000, 10.688900, 0.000000, 0.000000, '0001-01-01', 0, '2022-05-12 07:19:25'),
	(62, 42, 'SGLNAS00ZHGC2101494', '国网鞍山供电公司千山房产维修维护', 5, '', '', 21.786992, '', '', '鞍电财资〔2021〕140号', '0001-01-01', '0001-01-01', 1, 1.00, '已完成', '已完成', '已完成', '', 21.786992, 21.311705, 0.000000, 0.000000, '0001-01-01', 0, '2022-05-12 07:19:25'),
	(63, 2, 'SGLNAS00ZHGC2101742', '鞍山供电公司调度中心楼消火栓稳压系统零星维修', 5, '', '', 21.800000, '', '', '鞍电财资〔2021〕140号', '0001-01-01', '0001-01-01', 9, 1.00, '已完成', '已完成', '已完成', '', 21.800000, 20.966644, 0.000000, 0.000000, '0001-01-01', 0, '2022-05-12 07:19:25'),
	(64, 2, 'SGLNAS00ZHGC2101744', '鞍山供电公司调度中心楼消防喷淋系统零星维修', 5, '', '', 27.400000, '', '', '鞍电财资〔2021〕140号', '0001-01-01', '0001-01-01', 9, 1.00, '已完成', '已完成', '已完成', '', 27.400000, 26.588420, 0.000000, 0.000000, '0001-01-01', 0, '2022-05-12 07:19:25'),
	(65, 26, 'SGLNAS00ZHGC2101745', '鞍山供电公司生产指挥中心楼监控系统零星维修', 5, '', '', 7.600000, '', '', '鞍电财资〔2021〕140号', '0001-01-01', '0001-01-01', 10, 1.00, '已完成', '已完成', '已完成', '', 7.600000, 7.533250, 0.000000, 0.000000, '0001-01-01', 0, '2022-05-12 07:19:25'),
	(66, 2, 'SGLNAS00ZHGC2101743', '鞍山供电公司调度中心楼监控系统零星维修', 5, '', '', 9.200000, '', '', '鞍电财资〔2021〕140号', '0001-01-01', '0001-01-01', 10, 1.00, '已完成', '已完成', '已完成', '', 9.200000, 9.015469, 0.000000, 0.000000, '0001-01-01', 0, '2022-05-12 07:19:25'),
	(67, 43, 'SGLNAS00ZHGC2101740', '国网鞍山供电公司红旗变电站北侧场地场地整理', 5, '', '', 30.800000, '', '', '鞍电财资〔2021〕140号', '0001-01-01', '0001-01-01', 1, 1.00, '已完成', '已完成', '已完成', '', 30.800000, 29.040840, 0.000000, 0.000000, '0001-01-01', 0, '2022-05-12 07:19:25'),
	(68, 43, 'SGLNAS00ZHGC2101739', '国网鞍山供电公司红旗变电站北侧场地围墙围护', 5, '', '', 20.500000, '', '', '鞍电财资〔2021〕140号', '0001-01-01', '0001-01-01', 1, 1.00, '已完成', '已完成', '已完成', '', 20.500000, 19.355592, 0.000000, 0.000000, '0001-01-01', 0, '2022-05-12 07:19:25'),
	(69, 43, 'SGLNAS00ZHGC2101738', '国网鞍山供电公司红旗变电站北侧场地房屋修缮', 5, '', '', 45.700000, '', '', '鞍电财资〔2021〕140号', '0001-01-01', '0001-01-01', 1, 1.00, '已完成', '已完成', '已完成', '', 45.700000, 42.949624, 0.000000, 0.000000, '0001-01-01', 0, '2022-05-12 07:19:25'),
	(70, 44, 'SGLNAS00ZHGC2101741', '国网辽宁鞍山灵山服务站综合维修', 5, '', '', 29.000000, '', '', '鞍电财资〔2021〕140号', '0001-01-01', '0001-01-01', 1, 0.00, '未完成', '未完成', '未完成', '', 29.000000, 26.907981, 0.000000, 0.000000, '0001-01-01', 0, '2022-05-12 07:19:25'),
	(71, 29, 'SGLNAS00ZHGC2101755', '国网鞍山供电公司原基建楼侧面停车场维修', 5, '', '', 12.000000, '', '', '鞍电财资〔2021〕140号', '0001-01-01', '0001-01-01', 1, 0.00, '未完成', '未完成', '未完成', '', 12.000000, 11.298600, 0.000000, 0.000000, '0001-01-01', 0, '2022-05-12 07:19:25'),
	(72, 25, 'SGLNAS00ZHGC2101756', '国网鞍山供电公司铁西综合楼卫生间维修', 5, '', '', 35.000000, '', '', '鞍电财资〔2021〕140号', '0001-01-01', '0001-01-01', 1, 1.00, '未完成', '未完成', '未完成', '', 35.000000, 33.115236, 0.000000, 0.000000, '0001-01-01', 0, '2022-05-12 07:19:25'),
	(73, 45, 'SGLNAS00ZHGC2101757', '国网辽宁鞍山永昌供电营业所装饰装修分系统维修', 5, '', '', 48.000000, '', '', '鞍电财资〔2021〕140号', '0001-01-01', '0001-01-01', 1, 0.00, '未完成', '未完成', '未完成', '', 48.000000, 44.609058, 0.000000, 0.000000, '0001-01-01', 0, '2022-05-12 07:19:25'),
	(74, 45, 'SGLNAS00ZHGC2101758', '国网辽宁鞍山永昌供电营业所供热采暖及围护分系统维修', 5, '', '', 15.000000, '', '', '鞍电财资〔2021〕140号', '0001-01-01', '0001-01-01', 1, 0.00, '未完成', '未完成', '未完成', '', 15.000000, 14.128830, 0.000000, 0.000000, '0001-01-01', 0, '2022-05-12 07:19:25'),
	(75, 1, 'SGLNAS00ZHGC2101797', '国网辽宁鞍山长甸变改造后路面维修', 5, '', '', 48.000000, '', '', '鞍电财资〔2021〕140号', '0001-01-01', '0001-01-01', 1, 0.00, '未完成', '未完成', '未完成', '', 48.000000, 29.899284, 0.000000, 0.000000, '0001-01-01', 0, '2022-05-12 07:19:26'),
	(76, 1, 'SGLNAS00ZHGC2101799', '国网辽宁鞍山变电运检二工区路面维修', 5, '', '', 42.000000, '', '', '鞍电财资〔2021〕140号', '0001-01-01', '0001-01-01', 1, 0.00, '未完成', '未完成', '未完成', '', 42.000000, 29.930152, 0.000000, 0.000000, '0001-01-01', 0, '2022-05-12 07:19:26'),
	(77, 2, 'SGLNAS00ZHHQ2101907', '国网鞍山供电公司调度中心大楼搬家服务', 5, '', '', 13.139640, '', '', '鞍电财资〔2021〕140号', '0001-01-01', '0001-01-01', 11, 0.00, '无需归档', '无需归档', '无需归档', '', 13.139640, 13.139640, 0.000000, 0.000000, '0001-01-01', 0, '2022-05-12 07:19:26'),
	(78, 46, '3122AS17027R', '国网辽宁鞍山供电公司配电运检室配套设施附属用房', 6, '鞍山供电公司配电运检室现有食堂建于1990年，建筑面积300平方米，配电运检室现有就餐人员150人，所属特种车辆，没有存放车库。食堂及车库均为活动房，属于违建建筑且面积小，不能满足职工就餐和车辆存放需求。拟新建国网辽宁鞍山供电公司配电运检室配套设施附属用房，建设地点在鞍山供电公司配电运检室院内，建筑面积950平方米；地上二层，一层为特种车车库共7个车位，二层为食堂。总投资430万元（无征地费）。新楼建成后，旧房拆除。', '', 430.000000, '辽电后勤部〔2018〕7号', '辽电后勤部〔2018〕8号', '辽电发策[2018]180号 辽电发策[2019]126号 辽电发策[2019]510号', '2020-07-23', '2021-07-10', 12, 1.00, '未完成', '未完成', '未完成', '', 247.628000, 0.000000, 0.000000, 0.000000, '2022-07-11', 0, '2022-05-12 07:19:26'),
	(79, 47, '3122AS17027U', '国网辽宁鞍山供电公司岫岩物资仓储点', 6, '1.项目必要性：岫岩供电分公司没有存储物资库房，大量物资露天堆放，用房不足，需新建物资库。2.项目可行性：拟使用存量土地4亩（划拨）。建设地点位于雅河变电所东侧预留地块。3.规模合理性：拟安排项目建筑面积700平方米。其中，室内库房700平方米。总投资250.25万元，建设费250.25万元，单位造价控制在标准3900元以下。4.原房使用：无原房。\n', '', 250.000000, '辽电后勤部〔2018〕7号', '辽电后勤部〔2018〕8号', '辽电发策[2018]180号 辽电发策[2019]126号', '2019-08-28', '2020-07-21', 12, 1.00, '已完成', '已完成', '已完成', '', 179.425332, 0.000000, 0.000000, 0.000000, '2021-07-22', 0, '2022-05-12 07:19:26'),
	(80, 48, '3122AS17027T', '国网辽宁鞍山岫岩供电分公司大房身供电所营业厅', 6, '1.基本情况：大房身乡镇供电所成立于1992年，现有人员12人。2.项目必要性：现有用房为自有，位于辽宁省鞍山市岫岩满族自治县大房身镇大甸子村。一层建于70年代，二层建于1992年，建筑面积305.2平方米，与变电所共同用房。人均建筑面积为12平米/人。1992年扩建二层为供电所用房。其中营业大厅是原变电所值班室改造而成，楼梯为外挂楼梯，无会议室，办公室非常简陋，营业厅面积狭小，不符合标准，对供电优质服务工作影响较大。经核实，确无合适用房可调剂。拟新建国网辽宁鞍山岫岩县供电分公司大房身供电所营业厅。3.项目可行性：拟使用存量土地3.975亩，位于原仓库拆除位置。项目建设方案已得到政府规划部门认可。4.规模合理性：按照公司小型基建项目建设标准，拟安排项目建筑面积110平方米（含车库30平米），主要布置供电所配套设施用房。共110平方米，占比为100%。拟入住人员5人（营销业务人员），主要布置营业厅等营业用房。总投资80.65万元（无征地费），建设费80.65万元，单位造价超出标准，原因：供电、供暖路径较远，成本大幅增加。5.原房使用：新楼建成后，原房仍做生产管理与配套设施用房。', '', 81.000000, '辽电后勤部〔2018〕7号', '辽电后勤部〔2018〕8号', '辽电发策[2018]180号', '2018-09-26', '2019-08-20', 1, 1.00, '已完成', '未完成', '未完成', '', 51.861398, 0.000000, 0.000000, 0.000000, '2020-08-21', 0, '2022-05-12 07:19:26'),
	(81, 40, '3122AS17027Q', '国网辽宁鞍山岫岩供电分公司偏岭供电所', 6, '1.基本情况：偏岭乡镇供电所成立于1991年，现有人员22人。2.项目必要性：现有用房为自有，位于辽宁省鞍山市岫岩满族自治县偏岭镇王家卜村。建于1991年，建筑面积366平方米，与变电所共同用房。人均建筑面积为16.6平米/人。于99年11月29日发生5.6级地震，出现地面下沉，墙面断裂问题，经专业机构鉴定为危房，无法继续使用。现有供电所后接营业厅因历史成因不满足当地规划退线要求，且临主要公路，政府多次下违建整改通知要求拆除。经核实，确无合适用房可调剂。拟新建国网辽宁鞍山岫岩供电分公司偏岭供电所。3.项目可行性：拟原址拆除重建。项目建设方案已得到政府规划部门认可。4.规模合理性：按照公司小型基建项目建设标准拟安排项目建筑面积530平米（非典设），主要布置营业厅等生产用房，197.3平方米，占比为37.23%。布置办公室等综合管理用房，261.6平方米，占比为49.35%。布置餐厅厨房等配套设施用房，71.1平方米，占比为13.42%。总投资251万元，建设费251万元，单位造价超出标准，原因：原房与变电所机械室一体建筑，拆除前需先封堵机械室山墙。受位置影响，新所与变电所部分运行带电设备较近，需采取必要的安全措施。5.原房使用：危房拆除。', '', 251.000000, '辽电后勤部〔2018〕7号', '辽电后勤部〔2018〕8号', '辽电发策[2018]180号 辽电发策[2019]126号', '2019-08-27', '2020-08-12', 13, 1.00, '已完成', '已完成', '已完成', '', 160.801679, 0.000000, 0.000000, 0.000000, '2021-08-13', 0, '2022-05-12 07:19:26'),
	(82, 49, '3122AS17027S', '国网辽宁鞍山海城供电分公司岔沟供电所', 6, '1.基本情况：岔沟乡镇供电所成立于1972年，现有人员22人。2.项目必要性：现有用房为自有，位于辽宁省鞍山海城市岔沟镇岔沟村。建于1972年，建筑面积296.8平方米，与变电所共同用房。人均建筑面积为13.9平米/人。岔沟变电所已列入2018年改造项目，需占用供电所房屋所在地块。经核实，确无合适用房可调剂。拟新建国网辽宁鞍山海城市供电分公司岔沟供电所。3.项目可行性：因无可使用存量土地，拟新购置土地3亩，40万元/亩，位于海岫公路东侧，岔沟镇政府对面。已签订土地购置意向协议。项目建设方案已得到政府规划部门认可。4.规模合理性：按照公司小型基建项目建设标准及公司乡镇供电所生产营业用房典型设计，拟安排项目建筑面积500平方米，另增车库30平米。拟入住人员22人。总投资351万元，建设费231万元，征地费120万元，单位造价超出标准，原因：拟征地位置低洼，需先垫平土地近1米高度。5.原房使用：新楼建成后，原房拆除，变电所2018年改造占用。', '', 231.000000, '辽电后勤部〔2018〕7号', '辽电后勤部〔2018〕8号', '辽电发策[2018]180号 辽电发策[2019]126号 辽电发策[2019]510号', '2020-07-13', '2021-10-25', 14, 1.00, '未完成', '未完成', '未完成', '', 192.060000, 0.000000, 0.000000, 0.000000, '2022-10-26', 0, '2022-05-12 07:19:26'),
	(83, 50, '3122AS180055', '国网辽宁鞍山海城供电分公司八里供电所', 6, '1.基本情况：八里供电所办公用房建设年代为1979年，总面积891.90平方米，其中办公楼建筑面积245.40平方米，营业厅、办公用房及仓库建筑面积 302.48平方米，食堂及原变电室建筑面积344.02平方米。2.项目必要性：由于该供电所建设年代久远，房屋老旧，每年需花费大量人力物力进行维修，且该用房室内外高差小，雨季容易造成室内积水，存在安全隐患。3.项目可行性：经核实，确无合适用房可调剂。拟进行原址翻建，拟新建项目名称：国网辽宁鞍山海城供电分公司八里供电所。存量土地4433平方米。4.规模合理性：按照公司小型基建项目建设标准,拟安排项目建筑面积525平米，2层，主要布置值班用房、资料室、机房、档案室、营业厅等生产性用房，共340㎡，占比65%；布置班组用房、会议室等综合用房，共139㎡，人均6.0㎡；布置附属配套用房建筑面积46㎡。拟入驻人员33人（含生产业务人员30人，经营管理人员3人）。总投资251.55万元，单位造价控制在4100元/平米以下（回填及路面修复10.9万，增容10万，拆除费8万元，营业厅装修18.9万元，共47.8万元）。5.原房使用：现有用房部分拆除。', '', 253.000000, '辽电后勤部〔2018〕6号', '辽电后勤部〔2018〕11号', '辽电发策[2018]180号 辽电发策[2019]126号 辽电发策[2019]510号', '2020-07-12', '2021-07-12', 15, 1.00, '未完成', '未完成', '未完成', '', 176.220000, 0.000000, 0.000000, 0.000000, '2022-07-13', 0, '2022-05-12 07:19:26'),
	(84, 51, '3122AS180056', '国网辽宁鞍山台安供电分公司黄沙供电所', 6, '1.基本情况：黄沙供电所现有用房建于80年代，三层砖混结构，为变电所和供电所共同用房。供电所和变电所合计占地面积为7666平方米，现供电所建筑面积336.86平方米，营业厅面积106.96平方米，办公人数22人。2.项目必要性：由于供电所营业大厅是原警卫室改造，且房屋下沉室内外高差过小，雨季室内积水。办公室非常简陋，营业厅面积狭小，不符合标准，对供电优质服务工作影响较大，供电企业的形象也受到影响。3.项目可行性：经核实，确无合适用房可调剂。拟进行原址翻建，拟新建项目名称：国网辽宁鞍山台安供电分公司黄沙供电所。4.规模合理性：按照公司小型基建项目建设标准,拟安排项目建筑面积525平米，2层，主要布置值班用房、资料室、机房、档案室、营业厅等生产性用房，共338㎡，占比65%；布置班组用房、会议室等综合用房，共139㎡，人均6.0㎡；布置附属配套用房建筑面积46㎡。拟入驻人员22人（含生产业务人员19人，经营管理人员3人）。拟进行原址新建，拟新建项目名称：国网辽宁鞍山台安供电分公司黄沙供电所。存量土地7666.54平方米。总投资247.87万元，单位造价控制在4100元/平米以下（增容10万，打井10万，拆除费5万元，营业厅装修18.9万元，共43.9万元）。5.原房使用：现有危房拆除。', '', 248.000000, '辽电后勤部〔2018〕6号', '辽电后勤部〔2018〕11号', '辽电发策[2018]917号 辽电发策[2019]126号', '2020-07-15', '2021-07-07', 16, 1.00, '未完成', '未完成', '未完成', '', 178.285000, 0.000000, 0.000000, 0.000000, '2022-07-08', 0, '2022-05-12 07:19:26'),
	(85, 52, '3122AS18019Q', '国网辽宁鞍山海城市供电公司毛祁供电所', 6, '用房实际面积不足，新建。毛祁供电所建于1980年，总面积323.38平方米，其中营业厅和生产用房建筑面积266.14平方米，仓库建筑面积 57.24平方米，食堂建筑面积11.74平方米，现有人员18人。由于房屋建设年代早，内部管道及其他装修均已达到使用年限，同时房屋地势低洼（室内外高差不足100mm），雨季容易造成积水，存在安全隐患，对供电优质服务工作影响较大，供电企业的形象也受到影响。经核实，确无合适用房可调剂。拟新征购置土地2200平方米。土地位于毛祁镇中心街区内。拟安排项目建筑面积525平米，2层，主要布置值班用房、资料室、机房、档案室、营业厅等生产性用房，共340㎡，占比65%；布置班组用房、会议室等综合用房，共139㎡，人均6.0㎡；布置附属配套用房建筑面积46㎡。拟入驻人员18人（含生产业务人员15人，经营管理人员3人）。总投资372万元（含征地费120万元），单位造价控制在3800元/平米以下（增容15万，打井10万，营业厅装修18.9万元，回填6万，进站路3.3万元共53.2万元）。现有用房归毛祁变电所调剂使用。', '', 252.000000, '辽电后勤〔2019〕691号', '辽电后勤〔2019〕898号', '辽电发策[2019]126号 辽电发策[2019]510号 辽电发策[2020]142号', '2020-07-11', '2020-10-31', 6, 1.00, '未完成', '未完成', '未完成', '', 198.200000, 0.000000, 0.000000, 0.000000, '2021-11-01', 0, '2022-05-12 07:19:26'),
	(86, 53, '3122AS18019R', '国网辽宁鞍山台安县供电公司台安镇供电所', 6, '1.基本情况：台安镇供电所现有用房与其他单位共同用房，为楼房砖混结构，总面积2437.5平方米，其中供电所占用面积400平方米，营业厅建筑面积42 平方米，食堂建筑面积75平方米。台安镇供电营业所共有职工 48人（其中农电工23人），人均建筑面积为8.3平米。2.项目必要性：现供电所用房不足，无会议室和备品备件仓库，职工办公室也非常简陋，不同程度的影响供电所的正常工作也不符合标准化供电营业所建设要求，营业厅面积42平方米，不满足优质服务的需求。3.项目可行性：经核实，确无合适用房可调剂。拟进行征地新建，拟新建项目名称：国网辽宁鞍山台安供电分公司台安镇供电所。购置土地2000平方米。4.规模合理性：按照公司小型基建项目建设标准,拟安排项目建筑面积525平米，2层，主要布置值班用房、资料室、机房、档案室、营业厅等生产性用房，共340㎡，占比65%；布置班组用房、会议室等综合用房，共139㎡，人均6.0㎡；布置附属配套用房建筑面积46㎡。拟入驻人员25人（含生产业务人员22人，经营管理人员3人）。总投资293.25万元(含征地费45万元），单位造价控制在4100元/平米以下（进站路5.7万，增容15万，围墙3.9万，营业厅装修18.9万元，共43.5万元）。5.原房使用：现有用房归工业园供电所使用。', '', 248.000000, '辽电后勤〔2019〕691号', '辽电后勤〔2019〕898号', '辽电发策[2019]126号 辽电发策[2019]510号 辽电发策[2020]142号', '2020-07-13', '2021-05-20', 13, 1.00, '未完成', '未完成', '未完成', '', 198.400000, 0.000000, 0.000000, 0.000000, '2022-05-21', 0, '2022-05-12 07:19:26'),
	(87, 54, '3122AS1902ZK', '国网辽宁鞍山海城市供电分公司英落供电所', 6, '危房亟需新建。英落供电所与变电所合属办公，建于1988年，土地面积4663平方米。砖混结构，建筑层数为二层，建筑面积326.157平方米，其中营业厅建筑面积47.04平方米，办公人数15人。由于建设年代久远，房屋破旧，营业厅面积不足，存在安全隐患，危房鉴定结果为D级。经核实，确无合适用房可调剂。拟进行原址翻建。按照公司小型基建项目建设标准,拟新建供电所建筑面积500平方米，共2层（其中一层300平方米，二层200平方米），拟入驻21人。总投资250万元（无征地费，打井费10万，电增容15万元）。单位造价控制在4100元/平方米以下。原有用房拆除。', '', 250.000000, '辽电后勤〔2020〕206号', '辽电后勤〔2020〕295号', '辽电发策〔2019〕830号 辽电发策[2020]142号 辽电发策〔2021〕89号', '2021-06-23', '2021-11-16', 15, 1.00, '未完成', '未完成', '未完成', '', 168.978061, 0.000000, 0.000000, 0.000000, '2022-11-17', 0, '2022-05-12 07:19:26'),
	(88, 55, '3122AS1902ZL', '国网辽宁鞍山海城市供电分公司中小供电所', 6, '危房亟需新建。中小供电所与变电所合属办公，建设年代为1985年，土地面积7143平方米。砖混结构，建筑层数为一层，建筑面积231平方米，办公人数20人。由于该建设年代久远，房屋老化，年久失修，存在安全隐患，危房鉴定结果为D级。经核实，确无合适用房可调剂。拟进行原址翻建。按照公司小型基建项目建设标准,拟新建供电所建筑面积525平方米，共2层（其中一层262.5平方米，二层262.5平方米）。总投资262万元（无征地费，打井费10万元，电增容15万元）。单位造价控制在4100元/平方米以下。原有用房拆除。', '', 262.000000, '辽电后勤〔2020〕206号', '辽电后勤〔2020〕295号', '辽电发策〔2019〕830号 辽电发策[2020]142号 辽电发策〔2021〕89号', '2021-06-12', '2021-11-13', 6, 1.00, '未完成', '未完成', '未完成', '', 194.272628, 0.000000, 0.000000, 0.000000, '2022-11-14', 0, '2022-05-12 07:19:26'),
	(89, 56, '3122AS1903YB', '国网辽宁鞍山岫岩县供电分公司三家子供电所', 6, '危房亟需新建。三家子供电营业所建于2002年，土地面积1311.8平方米。砖混结构，建筑层数为一层，建筑面积300平方米，其中食堂建筑面积11平方米，办公人数18人。由于营业厅及食堂面积小，陈旧老化。存在安全隐患，危房鉴定结果为D级。经核实，确无合适用房可调剂。拟进行原址翻建。按照公司小型基建项目建设标准,拟新建供电所建筑面积525平方米，共2层（其中一层262.5平方米，二层262.5平方米）。总投资262万元（无征地费，打井费10万元，电增容15万元），单位造价控制在4100元/平方米以下。原有用房拆除。', '', 262.000000, '辽电后勤〔2020〕206号', '辽电后勤〔2020〕295号', '辽电发策〔2019〕830号 辽电发策[2020]142号 辽电发策〔2021〕89号', '2021-05-24', '2021-11-01', 13, 1.00, '未完成', '未完成', '未完成', '', 194.272628, 0.000000, 0.000000, 0.000000, '2022-11-02', 0, '2022-05-12 07:19:27'),
	(90, 57, '3122AS1902ZM', '国网辽宁鞍山台安县供电分公司新台供电所', 6, '危房亟需新建。新台供电所为农供合一型用房，建于1992年，土地面积4730.75平方米。砖混结构，建筑面积547.78平方米，其中营业厅建筑面积42平方米，食堂建筑面积60平方米。共有职工14人，其中农电工9人。由于营业厅、食堂面积不足，影响正常生产办公需求。存在安全隐患，该供电所危房鉴定为D级。经核实，确无合适用房可调剂。拟进行原址翻建。按照公司小型基建项目建设标准,拟新建供电所建筑面积500平方米，共2层（其中一层300平方米，二层200平方米），拟入驻14人。总投资250万元（无征地费，打井费10万元，电增容15万元），单位造价控制在4100元/平方米以下。原有用房拆除。', '', 250.000000, '辽电后勤〔2020〕206号', '辽电后勤〔2020〕295号', '辽电发策〔2019〕830号 辽电发策[2020]142号 辽电发策〔2021〕89号', '2021-07-02', '2021-11-02', 12, 1.00, '未完成', '未完成', '未完成', '', 186.646996, 0.000000, 0.000000, 0.000000, '2022-11-03', 0, '2022-05-12 07:19:27'),
	(91, 58, '3122AS1902ZN', '国网辽宁鞍山台安县供电分公司新华供电所', 6, '危房亟需新建。新台供电所为农供合一型用房，建于1992年，土地面积4730.75平方米。砖混结构，建筑面积547.78平方米，其中营业厅建筑面积42平方米，食堂建筑面积60平方米。共有职工14人，其中农电工9人。由于营业厅、食堂面积不足，影响正常生产办公需求。存在安全隐患，该供电所危房鉴定为D级。经核实，确无合适用房可调剂。拟进行原址翻建。按照公司小型基建项目建设标准,拟新建供电所建筑面积500平方米，共2层（其中一层300平方米，二层200平方米），拟入驻14人。总投资250万元（无征地费，打井费10万元，电增容15万元），单位造价控制在4100元/平方米以下。原有用房拆除。', '', 252.000000, '辽电后勤〔2020〕206号', '辽电后勤〔2020〕295号', '辽电发策〔2019〕830号 辽电发策[2020]142号 辽电发策〔2021〕89号', '2021-07-20', '0001-01-01', 17, 1.00, '', '', '', '', 174.500304, 0.000000, 0.000000, 0.000000, '0001-01-01', 0, '2022-05-12 07:19:27'),
	(92, 59, '3122AS200125', '国网辽宁鞍山海城市供电分公司高坨供电所', 6, '危房亟需新建。高坨供电所与变电所合用一栋办公楼，建设年代为1987年，结构形式为砖混结构，建筑层数为二层，建筑面积614.04㎡。供电所拥有其中的营业厅和4间生产用房，建筑面积379.45㎡。办公条件拥挤，狭小，现已无法满足生产及办公需求。内部管道及其他装修均已陈旧老化，达到使用年限，每年需耗费人力物力对其进行维护。又因房屋陈旧老化，基础存在不均匀沉降，屋盖局部开裂导致漏水严重，外墙普遍松动开裂，存在安全隐患，房屋危险性鉴定等级为D级。经核实，确无合适用房可调剂，亟需新建。拟新建项目名称为“国网辽宁鞍山海城市供电分公司高坨供电所”，建筑面积525平方米（其中一层262.5平方米，二层262.5平方米），拟入驻19人。主要布置营业大厅、安全工器具室、配电班、营销班班等生产性用房，共290㎡，占比55%；布置班组用房、会议室等综合用房，共136㎡，人均9.0㎡；布置附属配套用房建筑面积99㎡。总投资281万元（无征地费），工程主体215万元（建安费148.8万配套费32万其它费27.1万不可预见7.2万）单位造价控制在4100元/平方米以下其它费用(营业厅装修费18.9万元，拆除费7.5万元，打井10万，电增容15万，)', '', 281.000000, '辽电后勤〔2021〕167号', '辽电后勤〔2021〕490号', '辽电发策〔2020〕 611号 辽电发策〔2021〕89号辽电发策〔2022〕 7号', '0001-01-01', '0001-01-01', 0, 0.00, '', '', '', '', 0.000000, 0.000000, 0.000000, 0.000000, '0001-01-01', 0, '2022-05-12 07:19:27');

-- 导出  表 hq_mana.Settlements 结构
DROP TABLE IF EXISTS `Settlements`;
CREATE TABLE IF NOT EXISTS `Settlements` (
  `id` int NOT NULL AUTO_INCREMENT,
  `Projects_id` int NOT NULL DEFAULT '0' COMMENT '项目编码',
  `Partitions` tinyint(1) NOT NULL DEFAULT '0' COMMENT '是否分包',
  `Amount` decimal(20,6) NOT NULL DEFAULT '0.000000' COMMENT '支付金额',
  `DateTime` datetime NOT NULL DEFAULT '1900-01-01 00:00:00' COMMENT '支付时间',
  `Users_id` int NOT NULL DEFAULT '0' COMMENT '用户编号',
  PRIMARY KEY (`id`)
) ENGINE=InnoDB AUTO_INCREMENT=4 DEFAULT CHARSET=utf8mb3 COMMENT='结算信息';

-- 正在导出表  hq_mana.Settlements 的数据：~0 rows (大约)

-- 导出  表 hq_mana.Tenders 结构
DROP TABLE IF EXISTS `Tenders`;
CREATE TABLE IF NOT EXISTS `Tenders` (
  `id` int NOT NULL AUTO_INCREMENT,
  `Name` varchar(50) NOT NULL DEFAULT '' COMMENT '中标单位',
  `Manager` varchar(50) NOT NULL DEFAULT '' COMMENT '负责人',
  `Contact` varchar(50) NOT NULL DEFAULT '' COMMENT '联系方式',
  PRIMARY KEY (`id`)
) ENGINE=InnoDB AUTO_INCREMENT=18 DEFAULT CHARSET=utf8mb3 COMMENT='中标单位';

-- 正在导出表  hq_mana.Tenders 的数据：~17 rows (大约)
REPLACE INTO `Tenders` (`id`, `Name`, `Manager`, `Contact`) VALUES
	(1, '鞍山电力实业有限公司', '', ''),
	(2, '海城市第四建筑工程有限公司', '', ''),
	(3, '辽宁楷航建筑工程有限公司', '', ''),
	(4, '辽宁创想建筑工程有限公司', '', ''),
	(5, '浙江省邮电工程建设有限公司', '', ''),
	(6, '辽宁天石环保建设有限公司', '', ''),
	(7, '沈阳金晨建筑设计有限公司', '', ''),
	(8, '辽宁中厦建设工程有限公司', '', ''),
	(9, '沈阳德胜消防工程有限公司', '', ''),
	(10, '鞍山鑫鸿电梯有限公司', '', ''),
	(11, '立山区喜洋洋搬家服务中心', '', ''),
	(12, '辽宁农发建设工程有限公司', '', ''),
	(13, '岫岩满族自治县华宇建筑有限公司', '', ''),
	(14, '辽宁钛达电力建设有限公司', '', ''),
	(15, '海城市东马建筑工程有限公司', '', ''),
	(16, '辽宁瀚达建设工程有限公司', '', ''),
	(17, '禹王（北京）科技工程有限公司', '', '');

-- 导出  表 hq_mana.Types 结构
DROP TABLE IF EXISTS `Types`;
CREATE TABLE IF NOT EXISTS `Types` (
  `id` int NOT NULL AUTO_INCREMENT,
  `Name` varchar(50) NOT NULL DEFAULT '' COMMENT '类型名称',
  PRIMARY KEY (`id`)
) ENGINE=InnoDB AUTO_INCREMENT=7 DEFAULT CHARSET=utf8mb3 COMMENT='工程类型';

-- 正在导出表  hq_mana.Types 的数据：~6 rows (大约)
REPLACE INTO `Types` (`id`, `Name`) VALUES
	(1, '技改'),
	(2, '大修'),
	(3, '房屋修缮'),
	(4, '农维费'),
	(5, '维护'),
	(6, '小型基建');

-- 导出  表 hq_mana.Users 结构
DROP TABLE IF EXISTS `Users`;
CREATE TABLE IF NOT EXISTS `Users` (
  `id` int NOT NULL AUTO_INCREMENT,
  `Name` varchar(50) NOT NULL DEFAULT '' COMMENT '用户名',
  `Password` varchar(50) NOT NULL DEFAULT '' COMMENT '密码',
  PRIMARY KEY (`id`)
) ENGINE=InnoDB AUTO_INCREMENT=4 DEFAULT CHARSET=utf8mb3 COMMENT='用户';

-- 正在导出表  hq_mana.Users 的数据：~3 rows (大约)
REPLACE INTO `Users` (`id`, `Name`, `Password`) VALUES
	(1, 'admin', '123'),
	(2, '长得帅', '123'),
	(3, '长得美', '123');

-- 导出  触发器 hq_mana.Settlements_after_delete 结构
DROP TRIGGER IF EXISTS `Settlements_after_delete`;
SET @OLDTMP_SQL_MODE=@@SQL_MODE, SQL_MODE='ONLY_FULL_GROUP_BY,STRICT_TRANS_TABLES,NO_ZERO_IN_DATE,NO_ZERO_DATE,ERROR_FOR_DIVISION_BY_ZERO,NO_ENGINE_SUBSTITUTION';
DELIMITER //
CREATE TRIGGER `Settlements_after_delete` AFTER DELETE ON `Settlements` FOR EACH ROW BEGIN
	IF OLD.Partitions = 0 THEN
		UPDATE Projects SET Amount_Pay = Amount_Pay -  OLD.Amount, Amount_Arrear = Amount_Arrear + OLD.Amount WHERE Projects.id = OLD.Projects_id;
	ELSE
		UPDATE PARTITIONS SET Amount_Pay = Amount_Pay - OLD.Amount, Amount_Arrear = Amount_Arrear + OLD.Amount WHERE PARTITIONS.Projects_id = OLD.Projects_id;
	END IF;
END//
DELIMITER ;
SET SQL_MODE=@OLDTMP_SQL_MODE;

-- 导出  触发器 hq_mana.Settlements_after_insert 结构
DROP TRIGGER IF EXISTS `Settlements_after_insert`;
SET @OLDTMP_SQL_MODE=@@SQL_MODE, SQL_MODE='ONLY_FULL_GROUP_BY,STRICT_TRANS_TABLES,NO_ZERO_IN_DATE,NO_ZERO_DATE,ERROR_FOR_DIVISION_BY_ZERO,NO_ENGINE_SUBSTITUTION';
DELIMITER //
CREATE TRIGGER `Settlements_after_insert` AFTER INSERT ON `Settlements` FOR EACH ROW BEGIN
	IF NEW.Partitions = 0 THEN
		UPDATE Projects SET Amount_Pay = Amount_Pay + NEW.Amount, Amount_Arrear = Amount_Arrear - NEW.Amount WHERE Projects.id = NEW.Projects_id;
	ELSE
		UPDATE PARTITIONS SET Amount_Pay = Amount_Pay + NEW.Amount, Amount_Arrear = Amount_Arrear - NEW.Amount WHERE PARTITIONS.Projects_id = NEW.Projects_id;
	END IF;
END//
DELIMITER ;
SET SQL_MODE=@OLDTMP_SQL_MODE;

-- 导出  触发器 hq_mana.Settlements_after_update 结构
DROP TRIGGER IF EXISTS `Settlements_after_update`;
SET @OLDTMP_SQL_MODE=@@SQL_MODE, SQL_MODE='ONLY_FULL_GROUP_BY,STRICT_TRANS_TABLES,NO_ZERO_IN_DATE,NO_ZERO_DATE,ERROR_FOR_DIVISION_BY_ZERO,NO_ENGINE_SUBSTITUTION';
DELIMITER //
CREATE TRIGGER `Settlements_after_update` AFTER UPDATE ON `Settlements` FOR EACH ROW BEGIN
	IF NEW.Partitions = 0 THEN
		UPDATE Projects SET Amount_Pay = Amount_Pay - OLD.Amount + NEW.Amount, Amount_Arrear = Amount_Arrear + OLD.Amount - NEW.Amount WHERE Projects.id = NEW.Projects_id;
	ELSE
		UPDATE PARTITIONS SET Amount_Pay = Amount_Pay - OLD.Amount + NEW.Amount, Amount_Arrear = Amount_Arrear + OLD.Amount - NEW.Amount WHERE PARTITIONS.Projects_id = NEW.Projects_id;
	END IF;
END//
DELIMITER ;
SET SQL_MODE=@OLDTMP_SQL_MODE;

/*!40103 SET TIME_ZONE=IFNULL(@OLD_TIME_ZONE, 'system') */;
/*!40101 SET SQL_MODE=IFNULL(@OLD_SQL_MODE, '') */;
/*!40014 SET FOREIGN_KEY_CHECKS=IFNULL(@OLD_FOREIGN_KEY_CHECKS, 1) */;
/*!40101 SET CHARACTER_SET_CLIENT=@OLD_CHARACTER_SET_CLIENT */;
/*!40111 SET SQL_NOTES=IFNULL(@OLD_SQL_NOTES, 1) */;
